Service_Name,Service_URL,Main_Services,Other_Services,Serving,Phone_Number,Website,Location_Address,Location_URL_Map,Eligibility,Availability,Description,Languages,Cost,Google_Review,Facebook_URL,Twitter_URL,Coverage,Latitude,Longitude,Zipcode,food pantry,safe housing,anger management,understand mental health,support network,outpatient treatment,computer or internet access,baby supplies,counseling,after school care,disaster response,addiction & recovery,residential housing,spiritual support,detox,help find housing,sober living,parenting education,skills & training,food delivery,navigating the system,personal care items,help find work,toys & gifts,community support services,home goods,one-on-one support,peer support,group therapy,meals,12-step,emergency food,family counseling,residential treatment,clothing,substance abuse counseling,individual counseling,day camp,personal hygiene,health education,mental health care,nutrition education,short-term housing,case management,mental health evaluation,housing advice,bereavement,temporary shelter,drug testing,virtual support,medical care,recreation,financial education,advocacy & legal aid,Gujarati,Arabic,Armenian,French,Portuguese,American Sign Language,Russian,Haitian,Ukrainian,Hindi,Hebrew,English,Turkish,Spanish,Vietnamese,Khmer,Punjabi,This program serves Delaware County residents.,Centralized Homeless Intake assessment of eligibility required.,This program helps people with income at or below 150% of federal poverty guidelines. Must live in one of the zip codes we service.,Anyone can access this service.,Anyone can access this program.,Must live within our service area.,"This program serves medically fragile, homeless men.","HIV positive consumers need to bring their Ryan White Services Eligibility Card when visiting the food cupboard.
No referral is needed.
This program helps people with income at or below 150% of federal poverty guidelines.","Must live in postal code 19111, 19120 or 19126.",This program is available to anyone seeking refuge that was recently released from U.S. custody,This program helps people who are younger than 21 years old,This program helps people who are older than 59 years old.,This program serves veterans.,Must reside in the Carroll Park West Philadelphia neighborhood.,This program serves homeless men.,Must have Medicaid.,"For homeless individuals residing in the Philadelphia, PA area.","This program helps people who are 14 to 23 years old.
This program serves Lesbian, Gay, Bisexual, Transgender and Questioning (LGBTQ) youth and young adults, up to the age of 23, and their families/caregivers (biological or by choice)",sexual assault survivors,caregivers,emergency,eating disorder,opioid dependency,near homeless,human trafficking survivors,immigrants,uninsured,suicidal thoughts,parents,adults 18+,individuals,ptsd,all mental health,depression,veterans,trauma survivors,low-income,homeless,natural disaster survivors,transgender or non-binary,lgbtqia+,domestic violence survivors,female,runaways,alcohol dependency,anyone in need,spouses,bipolar,benefit recipients,developmental disability,in crisis,families,children,undocumented,all ages,substance dependency,limited english,refugees,dual diagnosis,seniors,grieving,anxiety,criminal justice history,with children,asian,young adults,mothers,all disabilities,adults,male,teens,chronic illness,Cost_Free,Cost_Reduced Cost,Cost_Sliding Scale,Availability_available,Availability_temporarily closed,Availability_full,sexual assault survivors,caregivers,emergency,eating disorder,opioid dependency,near homeless,human trafficking survivors,24hour,Monday,Tuesday,Wednesday,Thursday,Friday,Saturday,Sunday
Youth Advocate Programs of Pennsylvania_Intensive Outpatient Programs and Day Treatment-Youth,https://www.auntbertha.com//youth-advocate-programs-of-pennsylvania--philadelphia-pa--intensive-outpatient-programs-%2528iop%2529-day-treatment---youth/6494806799548416?postal=19102,"['addiction & recovery', 'substance abuse counseling', 'counseling', 'individual counseling']",None,"['teens', 'all mental health', 'substance dependency']",215-599-2174,https://www.yapinc.org/Our-Services/Behavioral-Health,"900 West Jefferson Street, Philadelphia,  PA 19122","https://www.google.com/maps/?q=900+West+Jefferson+Street,+Philadelphia,+PA+19122/",[Follow the Next Steps to find out if this program has eligibility criteria.],available,"Youth Advocate Programs offers an IOP program for its youth residents. IOP services are different from residential inpatient rehab programs and partial hospitalization programs in that treatment is generally part-time.  However, the intensive outpatient program is far more comprehensive than traditional outpatient programs that only consist of a few therapy sessions.  The IOP consists of numerous weekly therapy sessions at YAP's outpatient facility with experienced counselors (trained in addictions, eating disorders, etc.).Services offered:- Individual therapy- Substance abuse therapyTo make a self referral and inquire about specific services in your area please contact your local county office.",['English'],Free,No,No,https://www.twitter.com/https://twitter.com/YAPInc,"This program covers residents of the following counties: Adams County, PA, Allegheny County, PA, Bedford County, PA, Berks County, PA, Bradford County, PA, Carbon County, PA, Crawford County, PA, Dauphin County, PA, Franklin County, PA, Huntingdon County, PA, Juniata County, PA, Lackawanna County, PA, Lancaster County, PA, Lebanon County, PA, Lehigh County, PA, Mercer County, PA, Mifflin County, PA, Monroe County, PA, Northampton County, PA, Philadelphia County, PA, Pike County, PA, Schuylkill County, PA, Somerset County, PA, Susquehanna County, PA, Wyoming County, PA and York County, PA.",39.9740456,-75.1507073,19121,No,No,No,No,No,No,No,No,Yes,No,No,Yes,No,No,No,No,No,No,No,No,No,No,No,No,No,No,No,No,No,No,No,No,No,No,No,Yes,Yes,No,No,No,No,No,No,No,No,No,No,No,No,No,No,No,No,No,No,No,No,No,No,No,No,No,No,No,No,Yes,No,No,No,No,No,No,No,No,No,No,No,No,No,No,No,No,No,No,No,No,No,No,No,No,No,No,No,No,No,No,No,No,No,No,No,No,No,Yes,No,No,No,No,No,No,No,No,No,No,No,No,No,No,No,No,No,No,No,No,No,No,Yes,No,No,No,No,No,No,No,No,No,No,No,No,No,No,Yes,No,Yes,No,No,Yes,No,No,No,No,No,No,No,No,No,No,8:00 AM - 5:00 PM  EDT,8:00 AM - 5:00 PM  EDT,8:00 AM - 5:00 PM  EDT,8:00 AM - 5:00 PM  EDT,8:00 AM - 5:00 PM  EDT,Closed,Closed
Women In Transition_Substance Abuse Intervention,https://www.auntbertha.com//women-in-transition-%2528wit%2529--philadelphia-pa--substance-abuse-intervention/6615452957540352?postal=19102,"['addiction & recovery', 'substance abuse counseling']",None,"['all ages', 'female', 'substance dependency', 'alcohol dependency', 'lgbtqia+', 'transgender or non-binary']",215-751-1111,https://helpwomen.org/substance-abuse-intervention,"21 South 12th Street, Philadelphia, PA 19107","https://www.google.com/maps/?q=21+South+12th+Street,+Philadelphia,+PA+19107/",['Anyone can access this program.'],available,"Substance Abuse Intervention is not a 12-step program, nor is it faith-based; however, we are respectful of each individual's spirituality. We do not require drug tests, but we do ask that you refrain from using drugs or alcohol before you come to your counseling or group sessions.Services Include:- Empowerment counseling for recoveryOur service model recognizes that change and recovery are a process and integrates the concepts of harm reduction into trauma-informed empowerment so that we can better address both relationship violence and substance abuse. Our safe and supportive services help women increase self-esteem and personal awareness about practical issues which are key to a woman's recovery. Services are free and confidential. For more information call 215-751-1111.",['English'],Free,Yes,https://www.facebook.com/WomenInTransitionPhilly/,https://twitter.com/helpwomen,"This program covers residents of the following counties: Philadelphia County, PA.",39.9509969,-75.1597902,19107,No,No,No,No,No,No,No,No,No,No,No,Yes,No,No,No,No,No,No,No,No,No,No,No,No,No,No,No,No,No,No,No,No,No,No,No,Yes,No,No,No,No,No,No,No,No,No,No,No,No,No,No,No,No,No,No,No,No,No,No,No,No,No,No,No,No,No,Yes,No,No,No,No,No,No,No,No,No,Yes,No,No,No,No,No,No,No,No,No,No,No,No,No,No,No,No,No,No,No,No,No,No,No,No,No,No,No,No,No,No,No,No,No,No,Yes,Yes,No,Yes,No,Yes,No,No,No,No,No,No,No,No,No,Yes,Yes,No,No,No,No,No,No,No,No,No,No,No,No,No,No,No,No,Yes,No,No,Yes,No,No,No,No,No,No,No,No,No,No,9:00 AM - 5:00 PM  EDT,9:00 AM - 5:00 PM  EDT,9:00 AM - 5:00 PM  EDT,9:00 AM - 5:00 PM  EDT,9:00 AM - 5:00 PM  EDT,Closed,Closed
University of Pennsylvania Perelman School of Medicine_Addiction Services,https://www.auntbertha.com//university-of-pennsylvania-perelman-school-of-medicine--philadelphia-pa--addiction-services/5001274926563328?postal=19102,"['addiction & recovery', '12-step', 'substance abuse counseling', 'health education', 'mental health care', 'counseling', 'group therapy', 'individual counseling', 'peer support']",None,"['adults', 'seniors', 'individuals', 'benefit recipients', 'uninsured', 'substance dependency', 'opioid dependency', 'alcohol dependency', 'dual diagnosis']",215-662-8747,https://www.med.upenn.edu/psychiatry/presbyterian_overview.html,"245 South 8th Street,  Philadelphia, PA 19107","https://www.google.com/maps/?q=245+South+8th+Street,+Philadelphia,+PA+19107/",['Must have Medicaid.'],available,"Penn Presbyterian Medical Center offers a wide range of behavior health services, including inpatient and outpatient services for mental health and addiction treatments, and specialty mental health programs for older adults.We offer:- Individual and Group counseling- 12-Step Meetings on campus- Educational materials and support- Relapse prevention groupsFamily support and orientation meetings are available for all patients.We offer specialized programs for:- Alcohol Addiction- Cocaine Addiction- Heroin Addiction- Multi-Substance Addiction- Dual Diagnosis- Medically Complicated Patients- Men and WomenUniversity of Pennsylvania Perelman School of Medicine accepts Medicaid. For those without coverage, assistance with arrangements can be made through our assessment center at 215-662-8747.","['English', 'Spanish']",Reduced Cost,Yes,https://www.facebook.com/MFCPenn/,https://www.twitter.com/https://twitter.com/MFCPenn,"This program covers residents of the following cities: Philadelphia, PA.",39.9465712,-75.1543901,19147,No,No,No,No,No,No,No,No,Yes,No,No,Yes,No,No,No,No,No,No,No,No,No,No,No,No,No,No,No,Yes,Yes,No,Yes,No,No,No,No,Yes,Yes,No,No,Yes,Yes,No,No,No,No,No,No,No,No,No,No,No,No,No,No,No,No,No,No,No,No,No,No,No,No,Yes,No,Yes,No,No,No,No,No,No,No,No,No,No,No,No,No,No,No,No,No,No,Yes,No,No,No,No,No,No,Yes,No,No,No,Yes,No,No,No,Yes,No,No,No,No,No,No,No,No,No,No,No,No,No,Yes,No,No,No,Yes,No,No,No,No,No,No,Yes,No,No,Yes,Yes,No,No,No,No,No,No,No,No,Yes,No,No,No,No,Yes,No,Yes,No,No,No,No,No,No,Yes,No,No,No,8:30 AM - 5:00 PM  EDT,8:30 AM - 7:00 PM  EDT,8:30 AM - 7:00 PM  EDT,8:30 AM - 5:00 PM  EDT,8:30 AM - 5:00 PM  EDT,Closed,Closed
The West Philly Bunny Hop_Free Food for the People,https://www.auntbertha.com//the-west-philly-bunny-hop--yeadon-pa--free-food-for-the-people/6566876511207424?postal=19125,"['emergency food', 'food pantry']",None,"['anyone in need', 'all ages', 'individuals', 'families']",484-238-0437,https://www.bunnyhopphl.com/events,"6250 Baltimore Avenue West Philadelphia Philadelphia Lower Merion Township, PA 19050","https://www.google.com/maps/place/The+West+Philly+Bunny+Hop/@39.9420674,-75.2498131,17z/data=!3m1!4b1!4m6!3m5!1s0x89c6c6b2d096eddb:0x7e432ec0671a1e7f!8m2!3d39.9420674!4d-75.2472382!16s%2Fg%2F11kptf2n4m?entry=ttu",['Anyone can access this program.'],available,"The West Philly Bunny Hop distributes food to anyone in need at walk-up sites in Philadelphia. This program provides:- Food to meet basic nutritional needs Walk-up sites are first come, first serve.",['English'],Free,No,https://www.facebook.com/bunnyhopphl/,None,"This program covers residents of the following cities: Philadelphia, PA.",39.9420674,-75.2498131,19050,Yes,No,No,No,No,No,No,No,No,No,No,No,No,No,No,No,No,No,No,No,No,No,No,No,No,No,No,No,No,No,No,Yes,No,No,No,No,No,No,No,No,No,No,No,No,No,No,No,No,No,No,No,No,No,No,No,No,No,No,No,No,No,No,No,No,No,Yes,No,No,No,No,No,No,No,No,No,Yes,No,No,No,No,No,No,No,No,No,No,No,No,No,No,No,No,No,No,No,No,No,No,No,No,No,Yes,No,No,No,No,No,No,No,No,No,No,No,No,No,No,Yes,No,No,No,No,No,Yes,No,No,Yes,No,No,No,No,No,No,No,No,No,No,No,No,No,No,No,No,No,Yes,No,No,Yes,No,No,No,No,No,No,No,No,No,No,8:00 AM - 5:00 PM  EDT,8:00 AM - 5:00 PM  EDT,8:00 AM - 5:00 PM  EDT,8:00 AM - 5:00 PM  EDT,8:00 AM - 5:00 PM  EDT,Closed,Closed
The Salvation Army of Greater Philadelphia_Food Pantry,https://www.auntbertha.com//the-salvation-army-of-greater-philadelphia--philadelphia-pa--food-pantry/5312579722018816?postal=19134,['emergency food'],None,"['all ages', 'individuals', 'families']",570-421-3050,https://easternusa.salvationarmy.org/eastern-pennsylvania/alleviate-hunger/,"1340 Brown Street, Philadelphia, PA 19123","https://www.google.com/maps/?q=1340+Brown+Street,+Philadelphia,+PA+19123/",['Must live within our service area.'],available,The Salvation Army provides food supplies to individuals and families in need of assistance. This program provides:- Food to meet basic nutritional needs You must be registered for the food pantry 2 weeks prior.,['English'],Free,No,https://www.facebook.com/SalvationArmyPhiladelphia,https://www.twitter.com/@SalArmyPhilly,"This program covers residents of the following cities: Philadelphia, PA.",39.9677192,-75.159372,19123,No,No,No,No,No,No,No,No,No,No,No,No,No,No,No,No,No,No,No,No,No,No,No,No,No,No,No,No,No,No,No,Yes,No,No,No,No,No,No,No,No,No,No,No,No,No,No,No,No,No,No,No,No,No,No,No,No,No,No,No,No,No,No,No,No,No,Yes,No,No,No,No,No,No,No,No,No,No,Yes,No,No,No,No,No,No,No,No,No,No,No,No,No,No,No,No,No,No,No,No,No,No,No,No,Yes,No,No,No,No,No,No,No,No,No,No,No,No,No,No,No,No,No,No,No,No,Yes,No,No,Yes,No,No,No,No,No,No,No,No,No,No,No,No,No,No,No,No,No,Yes,No,No,Yes,No,No,No,No,No,No,No,No,No,No,7:00 AM - 4:00 PM  EDT,7:00 AM - 4:00 PM  EDT,7:00 AM - 4:00 PM  EDT,7:00 AM - 4:00 PM  EDT,Closed,Closed,Closed
The Greater Philadelphia Community Alliance_Food Distribution,https://www.auntbertha.com//the-greater-philadelphia-community-alliance--philadelphia-pa--food-distribution/5802794918608896?postal=19134,"['emergency food', 'food pantry']",None,"['anyone in need', 'all ages', 'low-income']",215-468-1645,https://gpca-phila.org/,"2029 South 8th Street, Philadelphia, PA 19148","https://www.google.com/maps/?q=2029+South+8th+Street,+Philadelphia,+PA+19148/",[Follow the Next Steps to find out if this program has eligibility criteria.],available,"We are currently signing up seniors who are 60 years+ for FREE SENIOR FOOD BOXES from our Houston Center location - 2029 S 8th St. Please reach out to us to sign up!

Houston Center 
2029 S 8th St 
215-468-1645

SOUTH PHILLY FOOD DISTRIBUTION SITES 
SEAMAAC - 1711 S Broad St - Mondays and Tuesdays 10-2pm - 215-467-0690

South Philadelphia High School - 2101 Broad St - Fridays 2-3:30pm - 215-847 -5154

Church of Pentecost - 2530 Wharton St - Wednesdays through Fridays 11am-2pm - 215-372-7307

Young Chances Foundation - 2703 Tasker St - Thursdays 11am-4pm - 267-585-2923

Mighty Writers El Futuro - 1025 S 9th St - Mondays through Fridays 11:30am-1pm - 215-602-0236

Macaroni Older Adult Program (60 or older must reserve ahead) - 2433 S 15th St - 215-765-9040

South Philly Older Adult Center (55 or older, no reservation necessary) - 1430 E Passyunk Ave - 215-685-1697

Philadelphia Senior Center Avenue of the Arts - 509 S Broad St (60 or older) - 509 S Broad St - 215-546-5879

St Edmonds Senior Community Center (60 or older) - 2130 S 21st St - 215-790-9530","['American Sign Language', 'English', 'Khmer', 'Spanish', 'Vietnamese']",Free,Yes,https://www.facebook.com/UCSEP,https://www.twitter.com/@UCPhilly,"This program covers residents of the following cities: Philadelphia, PA.",39.923234,-75.1595316,19148,Yes,No,No,No,No,No,No,No,No,No,No,No,No,No,No,No,No,No,No,No,No,No,No,No,No,No,No,No,No,No,No,Yes,No,No,No,No,No,No,No,No,No,No,No,No,No,No,No,No,No,No,No,No,No,No,No,No,No,No,No,Yes,No,No,No,No,No,Yes,No,Yes,Yes,Yes,No,No,No,No,No,No,No,No,No,No,No,No,No,No,No,No,No,No,No,No,No,No,No,No,No,No,No,No,No,No,No,No,No,No,No,No,No,Yes,No,No,No,No,No,No,No,No,Yes,No,No,No,No,No,No,No,No,Yes,No,No,No,No,No,No,No,No,No,No,No,No,No,No,No,No,No,Yes,No,No,Yes,No,No,No,No,No,No,No,No,No,No,8:30 AM - 6:00 PM  EDT,8:30 AM - 6:00 PM  EDT,8:30 AM - 6:00 PM  EDT,8:30 AM - 6:00 PM  EDT,8:30 AM - 6:00 PM  EDT,Closed,Closed
The Behavioral Wellness Center at Girard_Miracles In Progress,https://www.auntbertha.com//the-behavioral-wellness-center-at-girard--philadelphia-pa--miracles-in-progress/4795404263882752?postal=19102,"['substance abuse counseling', 'residential treatment']",None,"['adults 18+', 'male', 'homeless', 'substance dependency']",215-787-2482,https://bewellctr.org/inpatient-drug-alcohol/,"801 West Girard Avenue, Philadelphia, PA 19122","https://www.google.com/maps/?q=801+West+Girard+Avenue,+Philadelphia,+PA+19122/",[Follow the Next Steps to find out if this program has eligibility criteria.],available,"The Behavioral Wellness Center's Miracles in Progress program provides long-term recovery services for chronically homeless men with substance use disorders and co-occurring mental health issues. The program is open ended, targeting men who have lived on the streets or in Philadelphia shelters for at least five years.This program provides: - Drug and alcohol treatment for men that are chronically homeless",['English'],Free,Yes,https://www.facebook.com/BeWellatGirard/,None,"This program covers residents of the following counties: Philadelphia County, PA.",39.9712194,-75.149293,19122,No,No,No,No,No,No,No,No,No,No,No,No,No,No,No,No,No,No,No,No,No,No,No,No,No,No,No,No,No,No,No,No,No,Yes,No,Yes,No,No,No,No,No,No,No,No,No,No,No,No,No,No,No,No,No,No,No,No,No,No,No,No,No,No,No,No,No,Yes,No,No,No,No,No,No,No,No,No,No,No,No,No,No,No,No,No,No,No,No,No,No,No,No,No,No,No,No,No,No,No,No,No,No,Yes,No,No,No,No,No,No,No,Yes,No,No,No,No,No,No,No,No,No,No,No,No,No,No,No,No,No,Yes,No,No,No,No,No,No,No,No,No,No,No,No,No,Yes,No,No,Yes,No,No,Yes,No,No,No,No,No,No,No,No,No,Yes,0:00 AM - 11:59 PM EDT,0:00 AM - 11:59 PM EDT,0:00 AM - 11:59 PM EDT,0:00 AM - 11:59 PM EDT,0:00 AM - 11:59 PM EDT,0:00 AM - 11:59 PM EDT,0:00 AM - 11:59 PM EDT
The Attic Youth Center_Mental Health Counseling,https://www.auntbertha.com//the-attic-youth-center--philadelphia-pa--mental-health-counseling/4914263431577600?postal=19102,"['substance abuse counseling', 'counseling', 'mental health care', 'anger management', 'group therapy', 'family counseling', 'individual counseling']",['virtual support'],"['young adults', 'teens', 'immigrants', 'developmental disability', 'lgbtqia+', 'transgender or non-binary', 'individuals', 'families', 'caregivers', 'trauma survivors', 'domestic violence survivors', 'sexual assault survivors', 'all mental health', 'substance dependency']",215-545-43312,https://atticyouthcenter.org/services/youth-programming/mental-health-counseling,"255 South 16th Street, Philadelphia, PA 19102","https://www.google.com/maps/?q=255+South+16th+Street,+Philadelphia,+PA+19102/","['This program helps people who are 14 to 23 years old.\nThis program serves Lesbian, Gay, Bisexual, Transgender and Questioning (LGBTQ) youth and young adults, up to the age of 23, and their families/caregivers (biological or by choice)']",available,"The Counseling Department of The Attic Youth Center provides counseling services to LGBTQ youth and young adults and their families/caregivers (biological or by choice). This service uses an LGBTQ affirmative and strength based approach that it is contextual, developmental and culturally sensitive.  This program provides: - Individual therapy- Group therapy- Family and couples therapyThe Attic's clinical team is skilled in addressing a variety of challenges including:- Coming out- Gender questions- Problems at school- Depression and anxiety- Trauma and PTSD- Sexual abuse- Substance abuse- Violence and domestic violence- Anger management- Immigration transitions- Developmental delays- Behavioral and family dynamics as related to the LGBTQ experienceAll Attic counselors and therapists are masters or PhD level and have significant experience working with LGBTQ youth.  To inquire about counseling or to make an appointment, please call The Attic's counseling line and leave a confidential voicemail message with your name and the best way to reach you. A staff member will return your call. You can also reach out by email.All counseling services are currently virtual.",['English'],Free,Yes,https://www.facebook.com/TheAtticYouthCenter/,https://www.twitter.com/@atticyouthcen,"This program covers residents of the following counties: Philadelphia County, PA.",39.9477596,-75.1678542,19145,No,No,Yes,No,No,No,No,No,Yes,No,No,No,No,No,No,No,No,No,No,No,No,No,No,No,No,No,No,No,Yes,No,No,No,Yes,No,No,Yes,Yes,No,No,No,Yes,No,No,No,No,No,No,No,No,Yes,No,No,No,No,No,No,No,No,No,No,No,No,No,No,No,Yes,No,No,No,No,No,No,No,No,No,No,No,No,No,No,No,No,No,No,No,No,No,No,Yes,Yes,Yes,No,No,No,No,No,Yes,No,No,No,No,Yes,No,Yes,No,No,Yes,No,No,No,Yes,Yes,Yes,No,No,No,No,No,No,No,Yes,No,Yes,No,No,No,Yes,No,No,No,No,No,No,No,No,No,Yes,No,No,No,No,Yes,No,Yes,No,No,Yes,No,No,Yes,Yes,No,No,No,No,No,No,9:00 AM - 5:00 PM  EDT,9:00 AM - 5:00 PM  EDT,9:00 AM - 5:00 PM  EDT,9:00 AM - 5:00 PM  EDT,9:00 AM - 5:00 PM  EDT,Closed,Closed
Stenton Family Manor_Homeless Shelter,https://www.auntbertha.com//stenton-family-manor--philadelphia-pa--homeless-shelter/5186727883833344?postal=19114,['temporary shelter'],"['meals', 'personal hygiene']","['all ages', 'homeless']",215-685-2800,None,"1300 East Tulpehocken Street,  Philadelphia,  PA  19138","https://www.google.com/maps/?q=1300+East+Tulpehocken+Street,+Philadelphia,+PA+19138/","['For homeless individuals residing in the Philadelphia, PA area.']",available,Stenton Family Manor offers a homeless shelter to those in need of a place to stay.This program provides:- Temporary shelter Intake process is done at the Apple Tree Family Center.,"['English', 'Haitian']",Free,Yes,https://www.facebook.com/StentonFamilyManor,None,"This program covers residents of the following counties: Philadelphia County, PA.",40.0559837,-75.1647762,19119,No,No,No,No,No,No,No,No,No,No,No,No,No,No,No,No,No,No,No,No,No,No,No,No,No,No,No,No,No,Yes,No,No,No,No,No,No,No,No,Yes,No,No,No,No,No,No,No,No,Yes,No,No,No,No,No,No,No,No,No,No,No,No,No,Yes,No,No,No,Yes,No,No,No,No,No,No,No,No,No,No,No,No,No,No,No,No,No,No,No,No,No,Yes,No,No,No,No,No,No,No,No,No,No,No,No,No,No,No,No,No,No,No,No,Yes,No,No,No,No,No,No,No,No,No,No,No,No,No,No,No,No,Yes,No,No,No,No,No,No,No,No,No,No,No,No,No,No,No,No,No,Yes,No,No,Yes,No,No,No,No,No,No,No,No,No,No,9:00 AM - 5:00 PM  EDT,9:00 AM - 5:00 PM  EDT,9:00 AM - 5:00 PM  EDT,9:00 AM - 5:00 PM  EDT,9:00 AM - 5:00 PM  EDT,Closed,Closed
St. Barbara's Roman Catholic Church_Food Baskets,https://www.auntbertha.com//st.-barbara%2527s-roman-catholic-church--philadelphia-pa--food-baskets/5175494499368960?postal=19125,['emergency food'],None,"['anyone in need', 'all ages', 'individuals', 'families']",215-473-1044,https://stbarbphila.org/events/food-pantry-ph,"5359 Lebanon Avenue, Philadelphia, PA 19131","https://www.google.com/maps/?q=5359+Lebanon+Avenue,+Philadelphia,+PA+19131/",[Follow the Next Steps to find out if this program has eligibility criteria.],temporarily closed,"St. Barbara's Roman Catholic Church helps alleviate hunger in the community in an environment of respect, care and hospitality. This program provides:  - Food to meet basic nutritional needsPlease call for any updated information.",['English'],Free,Yes,https://www.facebook.com/Saint-Barbara-Church-Phila-327434157812615,https://www.twitter.com/@SaintBarbPhilly,"This program covers residents of the following cities: Philadelphia, PA.",39.9879752,-75.2314405,19131,No,No,No,No,No,No,No,No,No,No,No,No,No,No,No,No,No,No,No,No,No,No,No,No,No,No,No,No,No,No,No,Yes,No,No,No,No,No,No,No,No,No,No,No,No,No,No,No,No,No,No,No,No,No,No,No,No,No,No,No,No,No,No,No,No,No,Yes,No,No,No,No,No,No,No,No,No,No,No,No,No,No,No,No,No,No,No,No,No,No,No,No,No,No,No,No,No,No,No,No,No,No,No,Yes,No,No,No,No,No,No,No,No,No,No,No,No,No,No,Yes,No,No,No,No,No,Yes,No,No,Yes,No,No,No,No,No,No,No,No,No,No,No,No,No,No,No,No,No,Yes,No,No,No,Yes,No,No,No,No,No,No,No,No,No,Closed,9:00 AM - 8:00 PM,9:00 AM - 8:00 PM,9:00 AM - 8:00 PM,6:30 PM - 8:00 PM,12:00 PM - 6:00 PM,Closed
Salvation Army Eastern Pennsylvania and Delaware_Emergency Disaster Services,https://www.auntbertha.com//salvation-army-eastern-pennsylvania-%2526-delaware--philadelphia-pa--emergency-disaster-services/5161629360586752?postal=19134,"['disaster response', 'emergency food', 'temporary shelter', 'clothing', 'spiritual support']",None,"['all ages', 'natural disaster survivors', 'emergency']",215-825-4631,https://easternusa.salvationarmy.org/eastern-pennsylvania/help-disaster-survivors/,"701 North Broad Street, Philadelphia, PA 19123","https://www.google.com/maps/?q=701+North+Broad+Street,+Philadelphia,+PA+19123/",[Follow the Next Steps to find out if this program has eligibility criteria.],available,"When disaster strikes, The Salvation Army is often among the first on the scene. In disaster relief operation, The Salvation Army's first aim is to meet the basic needs of those affected _ both survivors and first responders.This program provides:- Food- Disaster shelter- Financial assistance- Spiritual care- Emotional carePlease call this provider for more information.",['English'],Free,Yes,https://www.facebook.com/SalArmyEDS,https://www.twitter.com/@SalArmyEDS,"This program covers residents of the following counties: Adams County, PA, Berks County, PA, Bradford County, PA, Bucks County, PA, Carbon County, PA, Centre County, PA, Chester County, PA, Clinton County, PA, Columbia County, PA, Cumberland County, PA, Dauphin County, PA, Delaware County, PA, Franklin County, PA, Juniata County, PA, Lackawanna County, PA, Lancaster County, PA, Lebanon County, PA, Lehigh County, PA, Luzerne County, PA, Lycoming County, PA, Mifflin County, PA, Monroe County, PA, Montgomery County, PA, Montour County, PA, Northampton County, PA, Northumberland County, PA, Perry County, PA, Philadelphia County, PA, Pike County, PA, Potter County, PA, Schuylkill County, PA, Snyder County, PA, Sullivan County, PA, Susquehanna County, PA, Tioga County, PA, Union County, PA, Wayne County, PA, Wyoming County, PA and York County, PA.",39.9672863,-75.1599648,19123,No,No,No,No,No,No,No,No,No,No,Yes,No,No,Yes,No,No,No,No,No,No,No,No,No,No,No,No,No,No,No,No,No,Yes,No,No,Yes,No,No,No,No,No,No,No,No,No,No,No,No,Yes,No,No,No,No,No,No,No,No,No,No,No,No,No,No,No,No,No,Yes,No,No,No,No,No,No,No,No,No,No,No,No,No,No,No,No,No,No,No,No,No,No,No,No,No,Yes,No,No,No,No,No,No,No,No,No,No,No,No,No,No,No,No,No,Yes,No,No,No,No,No,No,No,No,No,No,No,No,No,No,No,Yes,No,No,No,No,No,No,No,No,No,No,No,No,No,No,No,No,No,Yes,No,No,Yes,No,No,No,No,Yes,No,No,No,No,No,8:00 AM - 5:00 PM  EDT,8:00 AM - 5:00 PM  EDT,8:00 AM - 5:00 PM  EDT,8:00 AM - 5:00 PM  EDT,8:00 AM - 5:00 PM  EDT,Closed,Closed
Saint Helena_St. Helena Food Cupboard,https://www.auntbertha.com//saint-helena--philadelphia-pa--st.-helena-food-cupboard/5017006984921088?postal=19126,"['emergency food', 'food pantry']",None,"['anyone in need', 'all ages', 'individuals', 'families']",267-900-5935,https://sainthelenaparish.net/act/food-cupboard/,"6161 North 5th Street, Philadelphia, PA 19120","https://www.google.com/maps/?q=6161+North+5th+Street,+Philadelphia,+PA+19120/","['Must live in postal code 19111, 19120 or 19126.']",available,The Saint Helena Food Bank provides critical food resources to those in need. The nutrition they supply is critical to individuals and families who may otherwise go hungry.This program provides:- Food to meet nutritional needs- Specially designed Senior BoxesClients can visit once per month. Please call us for more information.,['English'],Free,Yes,https://www.facebook.com/sainthelenaparish,None,"This program covers residents of the following postal codes: 19111, 19120 and 19126.",40.0453383,-75.128017,19120,Yes,No,No,No,No,No,No,No,No,No,No,No,No,No,No,No,No,No,No,No,No,No,No,No,No,No,No,No,No,No,No,Yes,No,No,No,No,No,No,No,No,No,No,No,No,No,No,No,No,No,No,No,No,No,No,No,No,No,No,No,No,No,No,No,No,No,Yes,No,No,No,No,No,No,No,No,No,No,No,No,No,Yes,No,No,No,No,No,No,No,No,No,No,No,No,No,No,No,No,No,No,No,No,No,Yes,No,No,No,No,No,No,No,No,No,No,No,No,No,No,Yes,No,No,No,No,No,Yes,No,No,Yes,No,No,No,No,No,No,No,No,No,No,No,No,No,No,No,No,No,Yes,No,No,Yes,No,No,No,No,No,No,No,No,No,No,Closed,9:00 AM - 8:00 PM,9:00 AM - 8:00 PM,9:00 AM - 8:00 PM,6:30 PM - 8:00 PM,12:00 PM - 6:00 PM,Closed
Rock Ministries of Philadelphia_Food Pantry,https://www.auntbertha.com//rock-ministries-of-philadelphia--philadelphia-pa--food-pantry/5640139036164096?postal=19134,"['emergency food', 'food pantry', 'clothing', 'navigating the system', 'spiritual support']","['help find housing', 'addiction & recovery']","['anyone in need', 'all ages', 'individuals', 'families', 'homeless', 'substance dependency', 'alcohol dependency']",215-739-3927,https://www.therockphilly.org/,"2755 Kensington Avenue, Philadelphia, PA 19134","https://www.google.com/maps/?q=2755+Kensington+Avenue,+Philadelphia,+PA+19134/",['Anyone can access this program.'],available,"Rock Ministries of Philadelphia offers their food pantry and community outreach services to supply food, clothing, and resources to all people in need.This program provides:- Food distribution- Clothing- Help finding treatment options, such as detox- Help finding shelter- Faith based supportAnyone in need of emergency food or clothing can call to request assistance. Those in need of non-emergency food or clothing can visit the church after service on Sunday to sign up. After signing up, individuals can pick up the items on the following Wednesday.",['English'],Free,Yes,https://www.facebook.com/therockministry,None,"This program covers residents of the following cities: Philadelphia, PA.",39.9907975,-75.1232852,19124,Yes,No,No,No,No,No,No,No,No,No,No,Yes,No,Yes,No,Yes,No,No,No,No,Yes,No,No,No,No,No,No,No,No,No,No,Yes,No,No,Yes,No,No,No,No,No,No,No,No,No,No,No,No,No,No,No,No,No,No,No,No,No,No,No,No,No,No,No,No,No,No,Yes,No,No,No,No,No,No,No,No,No,Yes,No,No,No,No,No,No,No,No,No,No,No,No,No,No,No,No,No,No,No,No,No,No,No,No,No,Yes,No,No,No,No,No,No,Yes,No,No,No,No,No,No,Yes,Yes,No,No,No,No,No,Yes,No,No,Yes,Yes,No,No,No,No,No,No,No,No,No,No,No,No,No,No,No,No,Yes,No,No,Yes,No,No,No,No,No,No,No,No,No,No,8:00 AM - 5:00 PM  EDT,8:00 AM - 5:00 PM  EDT,8:00 AM - 5:00 PM  EDT,8:00 AM - 5:00 PM  EDT,8:00 AM - 5:00 PM  EDT,Closed,Closed
Old Pine Community Center_Grab and Go Meals,https://www.auntbertha.com//old-pine-community-center-%2528opcc%2529--philadelphia-pa--grab-and-go-meals/5481658659373056?postal=19134,"['emergency food', 'food pantry']",None,"['anyone in need', 'all ages', 'individuals', 'families']",215-627-2493,https://oldpinecommunitycenter.org/programs-services/#food,"401 Lombard Street, Philadelphia, PA 19147","https://www.google.com/maps/?q=401+Lombard+Street,+Philadelphia,+PA+19147/",['Anyone can access this service.'],available,The Old Pine Community Center provides Grab and Go Meals to those who need them. They supply critical nutrition to hungry individuals.This program provides:- Meals to meet basic nutritional needs,['English'],Free,Yes,https://www.facebook.com/OldPineCommunityCenter/,None,"This program covers residents of the following cities: Philadelphia, PA.",39.9430397,-75.1495234,19146,Yes,No,No,No,No,No,No,No,No,No,No,No,No,No,No,No,No,No,No,No,No,No,No,No,No,No,No,No,No,No,No,Yes,No,No,No,No,No,No,No,No,No,No,No,No,No,No,No,No,No,No,No,No,No,No,No,No,No,No,No,No,No,No,No,No,No,Yes,No,No,No,No,No,No,No,No,Yes,No,No,No,No,No,No,No,No,No,No,No,No,No,No,No,No,No,No,No,No,No,No,No,No,No,No,Yes,No,No,No,No,No,No,No,No,No,No,No,No,No,No,Yes,No,No,No,No,No,Yes,No,No,Yes,No,No,No,No,No,No,No,No,No,No,No,No,No,No,No,No,No,Yes,No,No,Yes,No,No,No,No,No,No,No,No,No,No,8:00 AM - 5:00 PM  EDT,8:00 AM - 5:00 PM  EDT,8:00 AM - 5:00 PM  EDT,8:00 AM - 5:00 PM  EDT,8:00 AM - 5:00 PM  EDT,Closed,Closed
Neighbor to Neighbor Community Development Corporation Inc_Food Cupboard,https://www.auntbertha.com//neighbor-to-neighbor-community-development-corporation%252C-inc.--sharon-hill-pa--food-cupboard/5147295688687616?postal=19113,"['emergency food', 'food pantry']",None,"['all ages', 'individuals', 'families', 'low-income']",610-461-8140,https://n2ncdc.org/programs-services.html,"814 Clifton Avenue, Sharon Hill, PA 19079","https://www.google.com/maps/?q=814+Clifton+Avenue,+Sharon+Hill,+PA+19079/",['This program serves Delaware County residents.'],available,"Neighbor to Neighbor's Food Cupboard, a food program, for Delaware County residents, delivers urgently needed food to low-income community residents. Each food package provides breakfast, lunch and dinner.This program provides:- Fresh vegetables & fruits- Dairy items- Eggs- Canned goods- Baked goods & pastries- Cereal- Poultry, fish, & meatWhen available, infant foods dietary supplements are distributed.Eligible households receive food packages one Thursday per month. Food packages may also be distributed on an emergency or one-time basis for any community household in need.In response to the COVID-19 pandemic, Neighbor to Neighbor Community Development Corporation, Inc. is no longer permitting non-essential staff inside of our building. When you arrive to utilize the food pantry. Please remain outside and a staff member will come to you.",['English'],Free,Yes,https://www.facebook.com/pages/category/Community-Organization/Neighbor-2-Neighbor-Darby-Twp-Sharon-Hill-1925119057550479/,None,"This program covers residents of the following counties: Delaware County, PA.",39.8999092,-75.2691693,19079,Yes,No,No,No,No,No,No,No,No,No,No,No,No,No,No,No,No,No,No,No,No,No,No,No,No,No,No,No,No,No,No,Yes,No,No,No,No,No,No,No,No,No,No,No,No,No,No,No,No,No,No,No,No,No,No,No,No,No,No,No,No,No,No,No,No,No,Yes,No,No,No,No,No,Yes,No,No,No,No,No,No,No,No,No,No,No,No,No,No,No,No,No,No,No,No,No,No,No,No,No,No,No,No,No,Yes,No,No,No,No,No,Yes,No,No,No,No,No,No,No,No,No,No,No,No,No,No,Yes,No,No,Yes,No,No,No,No,No,No,No,No,No,No,No,No,No,No,No,No,No,Yes,No,No,Yes,No,No,No,No,No,No,No,No,No,No,8:00 AM - 5:00 PM  EDT,8:00 AM - 5:00 PM  EDT,8:00 AM - 5:00 PM  EDT,8:00 AM - 5:00 PM  EDT,8:00 AM - 5:00 PM  EDT,Closed,Closed
Lutheran Settlement House_Jane Addams Place,https://www.auntbertha.com//lutheran-settlement-house--philadelphia-pa--jane-addams-place/5730442313465856?postal=19114,"['temporary shelter', 'case management']","['health education', 'parenting education', 'medical care', 'mental health care', 'recreation', 'navigating the system', 'help find housing']","['all ages', 'female', 'families', 'with children', 'homeless', 'mothers']",215-387-2587,https://www.lutheransettlement.org/lsh-programs/housing-support/,"1007 West Lehigh Avenue,  Philadelphia, PA 19104","https://www.google.com/maps/?q=1007+West+Lehigh+Avenue,+Philadelphia,+PA+19104/",['Centralized Homeless Intake assessment of eligibility required.'],full,"Jane Addams Place clients are admitted through Centralized Homeless Intake Services operated by the Office of Supportive Housing at the Appletree Family Center at 1430 Cherry Street, 215-686-7150. You must go through central intake for an initial assessment of your housing needs before placement. If you are currently experiencing homelessness, please visit the intake center.",['English'],Free,Yes,https://www.facebook.com/pages/Lutheran-Settlement-House/152800584747421,https://www.twitter.com/@LSH1902,"This program covers residents of the following counties: Philadelphia County, PA.",39.9935476,-75.1482898,19133,No,No,No,No,No,No,No,No,No,No,No,No,No,No,No,Yes,No,Yes,No,No,Yes,No,No,No,No,No,No,No,No,No,No,No,No,No,No,No,No,No,No,Yes,Yes,No,No,Yes,No,No,No,Yes,No,No,Yes,Yes,No,No,No,No,No,No,No,No,No,No,No,No,No,Yes,No,No,No,No,No,No,Yes,No,No,No,No,No,No,No,No,No,No,No,No,No,No,No,No,No,No,No,No,No,No,No,No,No,No,No,No,No,No,No,No,No,No,No,Yes,No,No,No,No,Yes,No,No,No,No,No,No,No,No,Yes,No,No,Yes,No,No,No,No,No,No,No,No,Yes,No,No,Yes,No,No,No,No,No,Yes,No,No,No,No,Yes,No,No,No,No,No,No,No,Yes,0:00 AM - 11:59 PM EDT,0:00 AM - 11:59 PM EDT,0:00 AM - 11:59 PM EDT,0:00 AM - 11:59 PM EDT,0:00 AM - 11:59 PM EDT,0:00 AM - 11:59 PM EDT,0:00 AM - 11:59 PM EDT
KITHS_KITHS Kitchen and Garden,https://www.auntbertha.com//kiths--philadelphia-pa--kiths-kitchen-and-garden/5480325573640192?postal=19134,"['emergency food', 'food pantry', 'nutrition education', 'navigating the system']",None,"['all ages', 'immigrants', 'refugees', 'individuals', 'families', 'asian']",215-278-6222,https://www.kithservices.org/kiths-kitchen-and-garden,"4923 Old York Road, Philadelphia, PA 19141","https://www.google.com/maps/?q=4923+Old+York+Road,+Philadelphia,+PA+19141/",[Follow the Next Steps to find out if this program has eligibility criteria.],available,"KITHS Kitchen provides a culturally affirming stock pantry, supplied with food items reflective of what Cambodian refugees and Southeast Asians normally consume, such as canned baby corn, rice, seafood-based staples that are reminiscent of cuisines from their native countries (e.g., fish sauce, oyster sauce, etc.).This program provides:- Food distribution- Nutrition education- Information about food access opportunities- Emergency pantryKITHS cannot guarantee services without an appointment. Please call for more information.",['English'],Free,Yes,https://www.facebook.com/kithsnonprofit/,None,"This program covers residents of the following counties: Philadelphia County, PA.",40.0280863,-75.1461026,19141,Yes,No,No,No,No,No,No,No,No,No,No,No,No,No,No,No,No,No,No,No,Yes,No,No,No,No,No,No,No,No,No,No,Yes,No,No,No,No,No,No,No,No,No,Yes,No,No,No,No,No,No,No,No,No,No,No,No,No,No,No,No,No,No,No,No,No,No,No,Yes,No,No,No,No,No,No,No,No,No,No,No,No,No,No,No,No,No,No,No,No,No,No,No,No,No,No,No,No,No,No,Yes,No,No,No,No,Yes,No,No,No,No,No,No,No,No,No,No,No,No,No,No,No,No,No,No,No,No,Yes,No,No,Yes,No,No,Yes,No,No,No,No,No,No,Yes,No,No,No,No,No,No,No,Yes,No,No,Yes,No,No,No,No,No,No,No,No,No,No,Closed,9:00 AM - 8:00 PM,9:00 AM - 8:00 PM,9:00 AM - 8:00 PM,6:30 PM - 8:00 PM,12:00 PM - 6:00 PM,Closed
Kingdom Life Christian Center_Food Distribution,https://www.auntbertha.com//kingdom-life-christian-center--philadelphia-pa--food-distribution/6213025361821696?postal=19134,"['emergency food', 'food pantry']",None,"['anyone in need', 'all ages', 'individuals', 'families']",267-343-5183,https://kingdomlifechristiancenter.snappages.site/20-years-of-harvest,"6325 Frankford Avenue, Philadelphia, PA 19135","https://www.google.com/maps/?q=6325+Frankford+Avenue,+Philadelphia,+PA+19135/",['Anyone can access this program.'],available,"Kingdom Life Christian Center provides food assistance to anyone in the community. We also provide diapers and formula, available while supplies last.This program provides:- Food to meet basic nutritional requirements Check website to see when the food distribution is offered as the times and dates are subject to change.",['English'],Free,Yes,https://www.facebook.com/Kingdom-Life-Christian-Center-NE-148467495247846/,None,"This program covers residents of the following cities: Philadelphia, PA.",40.0277668,-75.0588362,19149,Yes,No,No,No,No,No,No,No,No,No,No,No,No,No,No,No,No,No,No,No,No,No,No,No,No,No,No,No,No,No,No,Yes,No,No,No,No,No,No,No,No,No,No,No,No,No,No,No,No,No,No,No,No,No,No,No,No,No,No,No,No,No,No,No,No,No,Yes,No,No,No,No,No,No,No,No,No,Yes,No,No,No,No,No,No,No,No,No,No,No,No,No,No,No,No,No,No,No,No,No,No,No,No,No,Yes,No,No,No,No,No,No,No,No,No,No,No,No,No,No,Yes,No,No,No,No,No,Yes,No,No,Yes,No,No,No,No,No,No,No,No,No,No,No,No,No,No,No,No,No,Yes,No,No,Yes,No,No,No,No,No,No,No,No,No,No,8:00 AM - 5:00 PM  EDT,8:00 AM - 5:00 PM  EDT,8:00 AM - 5:00 PM  EDT,8:00 AM - 5:00 PM  EDT,8:00 AM - 5:00 PM  EDT,Closed,Closed
Jewish Relief Agency_Food Assistance and Relief,https://www.auntbertha.com//jewish-relief-agency--philadelphia-pa--food-assistance-and-relief/4873770804707328?postal=19135,"['emergency food', 'food delivery', 'baby supplies', 'personal care items']",None,"['all ages', 'all disabilities', 'individuals', 'families', 'low-income', 'emergency']",610-660-0190,https://jewishrelief.org/request-services,"10980 Dutton Road, Philadelphia, PA 19154","https://www.google.com/maps/?q=10980+Dutton+Road,+Philadelphia,+PA+19154/",['This program helps people with income at or below 150% of federal poverty guidelines.\nMust live in one of the zip codes we service.'],available,"JRA delivers a 15 lbs. box of food monthly via a no-contact drop-off. This program provides:- A monthly supplemental box of kosher pantry staples and fresh produce (from October to April) delivered directly to your door by one of our friendly volunteers. (Knock, Drop, and Go). - A supplemental bag of kid-friendly food items for families with children ages 18 and under. - Donated household items, toiletries, kids' apparel (through a partnership with Cradles to Crayons) diapers and adult incontinence supplies (through a partnership with The Greater Philadelphia Diaper Bank).Some exceptions may apply. For questions, information, or to request services please contact us at (610) 660-0190 or gethelp@jewishrelief.org.","['English', 'Hebrew', 'Russian', 'Spanish']",Free,Yes,https://www.facebook.com/JewishReliefAgency/,https://www.twitter.com/@Jewish_Relief,"This program covers residents of the following postal codes: 18940, 18954, 18966, 18974, 19001, 19002, 19003, 19004, 19006, 19007, 19008, 19010, 19012, 19016, 19018, 19020, 19026, 19027, 19030, 19038, 19040, 19041, 19044, 19046, 19047, 19050, 19053, 19054, 19056, 19057, 19063, 19064, 19066, 19067, 19072, 19082, 19083, 19085, 19087, 19090, 19096, 19102, 19103, 19104, 19107, 19109, 19111, 19114, 19115, 19116, 19118, 19119, 19120, 19123, 19124, 19125, 19126, 19128, 19129, 19130, 19131, 19135, 19136, 19137, 19138, 19143, 19144, 19146, 19147, 19148, 19149, 19150, 19151, 19152, 19154, 19401, 19403, 19406, 19422, 19428, 19438, 19454, 19460 and 19462.",40.0913701,-74.9877659,19154,No,No,No,No,No,No,No,Yes,No,No,No,No,No,No,No,No,No,No,No,Yes,No,Yes,No,No,No,No,No,No,No,No,No,Yes,No,No,No,No,No,No,No,No,No,No,No,No,No,No,No,No,No,No,No,No,No,No,No,No,No,No,No,No,Yes,No,No,No,Yes,Yes,No,Yes,No,No,No,No,No,Yes,No,No,No,No,No,No,No,No,No,No,No,No,No,No,No,No,No,Yes,No,No,No,No,No,No,No,No,No,Yes,No,No,No,No,No,Yes,No,No,No,No,No,No,No,No,No,No,No,No,No,No,Yes,No,No,Yes,No,No,No,No,No,No,No,No,No,No,No,No,Yes,No,No,No,No,Yes,No,No,Yes,No,No,No,No,Yes,No,No,No,No,No,8:00 AM - 5:00 PM,8:00 AM - 5:00 PM,8:00 AM - 5:00 PM,8:00 AM - 5:00 PM,8:00 AM - 5:00 PM,Closed,Closed
Jewish Family and Children's Service of Greater Philadelphia_Our Closet in Your Neighborhood,https://www.auntbertha.com//jewish-family-and-children%2527s-service-of-greater-philadelphia-%2528jfcs%2529--philadelphia-pa--our-closet-in-your-neighborhood-%2528ociyn%2529/5062487914577920?postal=19134,"['emergency food', 'food pantry', 'help find housing', 'housing advice', 'clothing', 'navigating the system']",None,"['anyone in need', 'all ages', 'individuals', 'families']",267-256-2179,https://jfcsphilly.org/our-closet-in-your-neighborhood/,"601 East Indiana Avenue, Philadelphia, PA 19134","https://www.google.com/maps/?q=601+East+Indiana+Avenue,+Philadelphia,+PA+19134/",['Anyone can access this program.'],available,"Our Closet In Your Neighborhood (OCIYN) is a free mobile program that provides basic necessities of food and clothing, as well as access to services and benefits, to families and individuals in need. The bus visits host sites in under-resourced neighborhoods and central locations with fresh, healthy produce and pantry staples, a mini pop-up clothing shop, and an onsite social worker. 

This program provides: 

- Food
- Clothing
- Navigation services

Visitors receive fresh, locally-sourced produce and pantry staples and are welcome to shop for 10 free, quality items of clothing, shoes, and accessories per person (with a limit of 25 total per family to allow for all to receive what they need). A JFCS social worker is present at every OCIYN event to connect those in need to additional services and benefits for which they may be eligible.

OCIYN also provides customized packages of emergency clothing delivered straight to those in need, as well as food package delivery to homebound clients. 

To learn more about these services or upcoming pop-up events, contact 267-256-2179 or [email_protected].",['English'],Free,Yes,https://www.facebook.com/OurClosetIYN/,https://www.twitter.com/@OurClosetIYN,"This program covers residents of the following cities: Philadelphia, PA.",39.9948061,-75.1189178,19134,Yes,No,No,No,No,No,No,No,No,No,No,No,No,No,No,Yes,No,No,No,No,Yes,No,No,No,No,No,No,No,No,No,No,Yes,No,No,Yes,No,No,No,No,No,No,No,No,No,No,Yes,No,No,No,No,No,No,No,No,No,No,No,No,No,No,No,No,No,No,No,Yes,No,No,No,No,No,No,No,No,No,Yes,No,No,No,No,No,No,No,No,No,No,No,No,No,No,No,No,No,No,No,No,No,No,No,No,No,Yes,No,No,No,No,No,No,No,No,No,No,No,No,No,No,Yes,No,No,No,No,No,Yes,No,No,Yes,No,No,No,No,No,No,No,No,No,No,No,No,No,No,No,No,No,Yes,No,No,Yes,No,No,No,No,No,No,No,No,No,No,8:00 AM - 5:00 PM  EDT,8:00 AM - 5:00 PM  EDT,8:00 AM - 5:00 PM  EDT,8:00 AM - 5:00 PM  EDT,8:00 AM - 5:00 PM  EDT,Closed,Closed
Helping Hands Ministry Inc_Social Services -Basic Needs Assistance,https://www.auntbertha.com//helping-hands-ministry%252C-inc.--philadelphia-pa--social-services---basic-needs-assistance/6453846037626880?postal=19135,"['emergency food', 'home goods', 'personal care items', 'toys & gifts']",None,"['seniors', 'individuals', 'families', 'low-income', 'in crisis']",267-595-9000,https://www.helpinghandsministryinc.com/how-can-we-serve-you,"5926 Webster Street, Philadelphia, PA 19143","https://www.google.com/maps/?q=5926+Webster+Street,+Philadelphia,+PA+19143/",['This program helps people who are older than 59 years old.'],available,"Helping Hands Ministry, Inc. assists with basic needs for seniors aged sixty or older through their Social Services offering.This program provides:- Personal care items- Non-essential household items- Holiday/birthday gift bags- Emergency foodSeniors in need of these Social Services from Helping Hands Ministry, Inc. can reach out via their online contact form to request assistance.",['English'],Free,Yes,None,None,"This program covers residents of the following counties: Philadelphia County, PA.",39.9498348,-75.2421164,19143,No,No,No,No,No,No,No,No,No,No,No,No,No,No,No,No,No,No,No,No,No,Yes,No,Yes,No,Yes,No,No,No,No,No,Yes,No,No,No,No,No,No,No,No,No,No,No,No,No,No,No,No,No,No,No,No,No,No,No,No,No,No,No,No,No,No,No,No,No,Yes,No,No,No,No,No,No,No,No,No,No,No,No,No,No,No,No,Yes,No,No,No,No,No,No,No,No,No,No,No,No,No,No,No,No,No,No,Yes,No,No,No,No,No,Yes,No,No,No,No,No,No,No,No,No,No,No,No,No,Yes,Yes,No,No,No,No,No,No,No,Yes,No,No,No,No,No,No,No,No,No,No,No,No,Yes,No,No,Yes,No,No,No,No,No,No,No,No,No,No,8:30 AM - 3:30 PM  EDT,8:30 AM - 3:30 PM  EDT,8:30 AM - 3:30 PM  EDT,8:30 AM - 3:30 PM  EDT,8:30 AM - 3:30 PM  EDT,Closed,Closed
Fresh Start Foundation_Emergency Housing for Veterans,https://www.auntbertha.com//fresh-start-foundation--coatesville-pa--emergency-housing-for-veterans/4744972327714816?postal=19114,"['temporary shelter', 'short-term housing']","['mental health care', 'navigating the system', 'case management']","['adults', 'young adults', 'teens', 'seniors', 'veterans', 'individuals', 'homeless']",610-380-1285,https://www.merakey.org/services/veterans-assistance,"1400 Blackhorse Hill Road, Coatesville, PA 19320","https://www.google.com/maps/?q=1400+Blackhorse+Hill+Road,+Coatesville,+PA+19320/",['This program serves veterans.'],available,"Emergency Housing for Veterans provides short-term housing and a bridge to inpatient services or more permanent living situations. The goal of this program is to ensure that no veteran ever sleep on the street or in a shelter when identified by a VA social worker or if he should present for emergency services at an area VAMC, CBOC, or Vet Center. This program provides:- Temporary emergency housingThe program serves as an emergency entry point into the VA's homeless care system and offers a seamless continuity of medical and mental healthcare, and case management services for veterans in need of emergency housing.",['English'],Free,Yes,https://www.facebook.com/MerakeyOrg,None,"This program covers residents of the following counties: Chester County, PA and Philadelphia County, PA.",39.9971936,-75.7973274,19320,No,No,No,No,No,No,No,No,No,No,No,No,No,No,No,No,No,No,No,No,Yes,No,No,No,No,No,No,No,No,No,No,No,No,No,No,No,No,No,No,No,Yes,No,Yes,Yes,No,No,No,Yes,No,No,No,No,No,No,No,No,No,No,No,No,No,No,No,No,No,Yes,No,No,No,No,No,No,No,No,No,No,No,No,No,No,No,No,No,Yes,No,No,No,No,No,No,No,No,No,No,No,No,No,No,No,No,No,Yes,No,No,No,Yes,No,No,Yes,No,No,No,No,No,No,No,No,No,No,No,No,No,No,No,No,No,No,No,No,No,Yes,No,No,No,No,No,Yes,No,No,Yes,No,Yes,No,Yes,No,No,Yes,No,No,No,No,No,No,No,No,No,Yes,0:00 AM - 11:59 PM EDT,0:00 AM - 11:59 PM EDT,0:00 AM - 11:59 PM EDT,0:00 AM - 11:59 PM EDT,0:00 AM - 11:59 PM EDT,0:00 AM - 11:59 PM EDT,0:00 AM - 11:59 PM EDT
Episcopal Community Services_Food Pantry,https://www.auntbertha.com//episcopal-community-services-%2528ecs%2529--philadelphia-pa--food-pantry/5643194546257920?postal=19125,"['emergency food', 'food pantry']",None,"['anyone in need', 'all ages', 'individuals', 'families']",215-528-5400,https://www.ecsphilly.org/st-barnabas/,"6006 West Girard Avenue, Philadelphia, PA 19151","https://www.google.com/maps/?q=6006+West+Girard+Avenue,+Philadelphia,+PA+19151/",['Must reside in the Carroll Park West Philadelphia neighborhood.'],available,"Episcopal Community Services (ECS) offers a open choice food pantry to families and individuals who simply have fallen on hard times or recently unemployed and need assistance to make ends meet. Families receive bags of dry, canned, and jarred goods.This program provides:- Food to meet basic nutritional needsBecause supplies are limited, families can utilize the cupboard only once per month.",['English'],Free,Yes,https://www.facebook.com/ECSPhilly/,https://www.twitter.com/@ECSPhilly,"This program covers residents of the following cities: Philadelphia, PA.",39.9696013,-75.23993,19151,Yes,No,No,No,No,No,No,No,No,No,No,No,No,No,No,No,No,No,No,No,No,No,No,No,No,No,No,No,No,No,No,Yes,No,No,No,No,No,No,No,No,No,No,No,No,No,No,No,No,No,No,No,No,No,No,No,No,No,No,No,No,No,No,No,No,No,Yes,No,No,No,No,No,No,No,No,No,No,No,No,No,No,No,No,No,No,Yes,No,No,No,No,No,No,No,No,No,No,No,No,No,No,No,No,Yes,No,No,No,No,No,No,No,No,No,No,No,No,No,No,Yes,No,No,No,No,No,Yes,No,No,Yes,No,No,No,No,No,No,No,No,No,No,No,No,No,No,No,No,No,Yes,No,No,Yes,No,No,No,No,No,No,No,No,No,No,8:00 AM - 5:00 PM  EDT,8:00 AM - 5:00 PM  EDT,8:00 AM - 5:00 PM  EDT,8:00 AM - 5:00 PM  EDT,8:00 AM - 5:00 PM  EDT,Closed,Closed
East Park Revitalization Alliance_Food Pantry,https://www.auntbertha.com//east-park-revitalization-alliance--philadelphia-pa--food-pantry/5711255900520448?postal=19134,"['emergency food', 'food pantry']",None,"['anyone in need', 'all ages']",215-235-6001,https://epralliance.org/about-us/programs/food-pantry/,"1737 North 31st Street, Philadelphia, PA 19121","https://www.google.com/maps/?q=1737+North+31st+Street,+Philadelphia,+PA+19121/",['Anyone can access this program.'],available,"East Park Revitalization Alliance's food cupboard serves everyone from low income families, single parents, senior citizens, unemployed individuals, disabled veterans, working poor, and anyone else in need of assistance. This program supplies critical nutrition to hungry individuals and families. This program provides:- Food to meet basic nutritional needsClients are welcome to come once every week. For example if you come on Monday, you can only return the next Monday or after.",['English'],Free,Yes,None,None,"This program covers residents of the following cities: Philadelphia, PA.",39.9831003,-75.1847568,19121,Yes,No,No,No,No,No,No,No,No,No,No,No,No,No,No,No,No,No,No,No,No,No,No,No,No,No,No,No,No,No,No,Yes,No,No,No,No,No,No,No,No,No,No,No,No,No,No,No,No,No,No,No,No,No,No,No,No,No,No,No,No,No,No,No,No,No,Yes,No,No,No,No,No,No,No,No,No,Yes,No,No,No,No,No,No,No,No,No,No,No,No,No,No,No,No,No,No,No,No,No,No,No,No,No,No,No,No,No,No,No,No,No,No,No,No,No,No,No,No,Yes,No,No,No,No,No,No,No,No,Yes,No,No,No,No,No,No,No,No,No,No,No,No,No,No,No,No,No,Yes,No,No,Yes,No,No,No,No,No,No,No,No,No,No,8:00 AM - 5:00 PM  EDT,8:00 AM - 5:00 PM  EDT,8:00 AM - 5:00 PM  EDT,8:00 AM - 5:00 PM  EDT,8:00 AM - 5:00 PM  EDT,Closed,Closed
Covenant House Pennsylvania_Youth Services,https://www.auntbertha.com//covenant-house-pennsylvania-%2528chp%2529--philadelphia-pa--youth-services/4909220273061888?postal=19114,"['temporary shelter', 'residential housing', 'short-term housing']","['meals', 'medical care', 'counseling', 'financial education', 'navigating the system', 'case management', 'one-on-one support', 'spiritual support', 'advocacy & legal aid']","['young adults', 'teens', 'children', 'homeless', 'runaways', 'human trafficking survivors', 'in crisis', 'lgbtqia+']",888-829-1249,https://www.covenanthousepa.org/our-impact/our-programs,"31 East Armat St., Philadelphia, PA 19144","https://www.google.com/maps/?q=31+East+Armat+St.+,+Philadelphia,+PA+19144/",['This program helps people who are younger than 21 years old'],available,"Covenant House Pennsylvania offers shelter and supportive services to young people experiencing homelessness. They aim to help homeless young people become healthy, happy, responsible, productive, and ultimately independent adults.This program provides:- A safe, secure environment- Immediate and transitional housing- Rapid rehousing- Meals and food- Case Management- Spiritual Support- Counseling- Physical health, mental health, and drug and alcohol services- Saving and budgeting- Continuing education- Support for LGBTQ individuals- Job readinessThe Crisis Center is open 24 hours per day, seven days per week. There are no shelter fees; however, those staying at the shelter must deposit 75% of their income during their stay. All money is returned upon leaving the shelter. Covenant House is a drug and weapon-free program.",['English'],Free,Yes,https://www.facebook.com/CovenantHousePA,https://www.twitter.com/@CovenantHousePA,"This program covers residents of the following counties: Philadelphia County, PA.",40.0356379,-75.1733708,19144,No,No,No,No,No,No,No,No,Yes,No,No,No,Yes,Yes,No,No,No,No,No,No,Yes,No,No,No,No,No,Yes,No,No,Yes,No,No,No,No,No,No,No,No,No,No,No,No,Yes,Yes,No,No,No,Yes,No,No,Yes,No,Yes,Yes,No,No,No,No,No,No,No,No,No,No,No,Yes,No,No,No,No,No,No,No,No,No,No,No,No,No,No,No,Yes,No,No,No,No,No,No,No,No,No,No,No,No,No,Yes,No,No,No,No,No,No,No,No,No,No,No,No,Yes,No,No,Yes,No,No,Yes,No,No,No,No,No,No,Yes,No,Yes,No,No,No,No,No,No,No,No,No,No,No,No,Yes,No,No,No,No,Yes,No,Yes,No,No,Yes,No,No,No,No,No,No,No,No,Yes,Yes,0:00 AM - 11:59 PM EDT,0:00 AM - 11:59 PM EDT,0:00 AM - 11:59 PM EDT,0:00 AM - 11:59 PM EDT,0:00 AM - 11:59 PM EDT,0:00 AM - 11:59 PM EDT,0:00 AM - 11:59 PM EDT
Community of Compassion CDC_Food Pantry,https://www.auntbertha.com//community-of-compassion-cdc--philadelphia-pa--food-pantry/6260879273361408?postal=19125,"['emergency food', 'food pantry']",None,"['anyone in need', 'all ages', 'individuals', 'families']",267-767-1216,https://www.communityofcompassioncdc.com/,"6150 Cedar Avenue, Philadelphia, PA 19143","https://www.google.com/maps/?q=6150+Cedar+Avenue,+Philadelphia,+PA+19143/",['Anyone can access this program.'],available,The Community of Compassion CDC Food Pantry provides quality food items to households experiencing food insecurity. This program supplies critical nutrition to hungry individuals and families. This program provides:- Food to meet basic nutritional needs,['English'],Free,Yes,https://www.facebook.com/communityofcompassioncdc,https://twitter.com/community_cdc,"This program covers residents of the following cities: Philadelphia, PA.",39.9526461,-75.2465832,19143,Yes,No,No,No,No,No,No,No,No,No,No,No,No,No,No,No,No,No,No,No,No,No,No,No,No,No,No,No,No,No,No,Yes,No,No,No,No,No,No,No,No,No,No,No,No,No,No,No,No,No,No,No,No,No,No,No,No,No,No,No,No,No,No,No,No,No,Yes,No,No,No,No,No,No,No,No,No,Yes,No,No,No,No,No,No,No,No,No,No,No,No,No,No,No,No,No,No,No,No,No,No,No,No,No,Yes,No,No,No,No,No,No,No,No,No,No,No,No,No,No,Yes,No,No,No,No,No,Yes,No,No,Yes,No,No,No,No,No,No,No,No,No,No,No,No,No,No,No,No,No,Yes,No,No,Yes,No,No,No,No,No,No,No,No,No,No,8:00 AM - 5:00 PM  EDT,8:00 AM - 5:00 PM  EDT,8:00 AM - 5:00 PM  EDT,8:00 AM - 5:00 PM  EDT,8:00 AM - 5:00 PM  EDT,Closed,Closed
Circle Counseling_Counseling,https://www.auntbertha.com//circle-counseling--philadelphia-pa--counseling/4780892498952192?postal=19102,"['substance abuse counseling', 'bereavement', 'parenting education', 'understand mental health', 'counseling', 'mental health care', 'anger management', 'family counseling', 'individual counseling', 'mental health evaluation']",None,"['adults', 'young adults', 'teens', 'children', 'seniors', 'grieving', 'families', 'with children', 'spouses', 'parents', 'depression', 'bipolar', 'suicidal thoughts', 'anxiety', 'eating disorder', 'ptsd', 'substance dependency']",267-254-0015,https://circlecounseling.com/therapists-and-services/,"1226 South Broad Street, Philadelphia, PA 19146","https://www.google.com/maps/?q=1226+South+Broad+Street,+Philadelphia,+PA+19146/",['Anyone can access this program.'],available,Circle Counseling offers counseling for those who are living with mental health issues and are seeking treatment to help address issues related to mental health and loved ones. This program provides: - Individual counseling- Couples counseling- Family counselingTherapists specialize in:- Depression- Anxiety- Spiritual formation- Women__ issues- Grief- Personal growth- Aging- Self-esteem- Anger management- Stress- Eating disorders- Sexuality- Emotional and physical abuse- Work and career concerns- Substance Abuse- Separation & Divorce- Relaxation and Meditation training- Relationship skills- Communication- Intimacy- Money management- Power- Parenting issuesServices are offered on a sliding scale basis. Please inquire for more information.,['English'],Sliding Scale,Yes,None,None,"This program covers residents of the following counties: Philadelphia County, PA.",39.9348359,-75.1677853,19146,No,No,Yes,Yes,No,No,No,No,Yes,No,No,No,No,No,No,No,No,Yes,No,No,No,No,No,No,No,No,No,No,No,No,No,No,Yes,No,No,Yes,Yes,No,No,No,Yes,No,No,No,Yes,No,Yes,No,No,No,No,No,No,No,No,No,No,No,No,No,No,No,No,No,No,Yes,No,No,No,No,No,No,No,No,No,Yes,No,No,No,No,No,No,No,No,No,No,No,No,No,No,No,No,Yes,No,No,No,No,No,Yes,Yes,No,No,Yes,No,Yes,No,No,No,No,No,No,No,No,No,No,No,No,Yes,Yes,No,No,No,Yes,Yes,No,No,Yes,No,No,No,Yes,Yes,Yes,No,Yes,No,Yes,No,No,Yes,No,Yes,No,No,No,Yes,Yes,No,No,No,No,No,Yes,No,No,No,No,8:00 AM - 5:00 PM  EDT,8:00 AM - 5:00 PM  EDT,8:00 AM - 5:00 PM  EDT,8:00 AM - 5:00 PM  EDT,8:00 AM - 5:00 PM  EDT,Closed,Closed
Church World Service Inc_Border Shelter Network and Call Center,https://www.auntbertha.com//church-world-service-inc--lancaster-pa--border-shelter-network-and-call-center/4967372504694784?postal=19114,"['temporary shelter', 'meals', 'clothing', 'personal hygiene', 'navigating the system', 'support network']",None,"['anyone in need', 'all ages', 'refugees', 'undocumented', 'individuals', 'families', 'limited english']",717-381-2890,https://cwsglobal.org/our-work/united-states/asylum-and-border-services/,"308 East King Street, Lancaster, PA 17602","https://www.google.com/maps/?q=308+East+King+Street,+Lancaster,+PA+17602/",['This program is available to anyone seeking refuge that was recently released from U.S. custody'],available,"Church World Service Inc offers a network of respite shelters to assist those awaiting a court date with the US government after going through US custody. This program provides:- Short-term shelter- Meals- Clothing- Hygiene products- Access to telephones to call loved ones- Connection to resettlement offices, member congregations, sanctuary churches and other service providers that can assist with housing, legal services, support services and resource sharingCWS has refugee and immigration offices spread across different states. Many of these offices are managed through partnerships with local organizations, while some are directly overseen by CWS and as such set the standard for resettlement in local communities.","['Arabic', 'Armenian', 'English', 'French', 'Gujarati', 'Haitian', 'Hindi', 'Portuguese', 'Punjabi', 'Russian', 'Spanish', 'Turkish', 'Ukrainian']",Free,Yes,https://www.facebook.com/churchworldservice,https://twitter.com/CWS_global,"This program covers residents of the following states: CA, FL, GA, IL, IN, KY, MI, NE, NH, NY, OH, OR, PA, TX and VA.",40.0383433,-76.2988403,17602,No,No,No,No,Yes,No,No,No,No,No,No,No,No,No,No,No,No,No,No,No,Yes,No,No,No,No,No,No,No,No,Yes,No,No,No,No,Yes,No,No,No,Yes,No,No,No,No,No,No,No,No,Yes,No,No,No,No,No,No,Yes,Yes,Yes,Yes,Yes,No,Yes,Yes,Yes,Yes,No,Yes,Yes,Yes,No,No,Yes,No,No,No,No,No,No,No,No,No,Yes,No,No,No,No,No,No,No,No,No,No,No,No,No,No,No,No,No,No,No,No,Yes,No,No,No,No,No,No,No,No,No,No,No,No,No,No,Yes,No,No,No,No,No,Yes,No,Yes,Yes,No,Yes,Yes,No,No,No,No,No,No,No,No,No,No,No,No,No,No,Yes,No,No,Yes,No,No,No,No,No,No,No,No,No,No,8:00 AM - 5:00 PM  EDT,8:00 AM - 5:00 PM  EDT,8:00 AM - 5:00 PM  EDT,8:00 AM - 5:00 PM  EDT,8:00 AM - 5:00 PM  EDT,Closed,Closed
Catholic Social Services of the Archdiocese of Philadelphia and Saint John's Hospice_Good Shepherd,https://www.auntbertha.com//catholic-social-services-of-the-archdiocese-of-philadelphia---saint-john%2527s-hospice-%2528sjh%2529--philadelphia-pa--good-shepherd/5922109384294400?postal=19102,"['residential housing', 'short-term housing', 'sober living', 'addiction & recovery', 'substance abuse counseling', 'mental health care', 'counseling', 'case management']",None,"['adults 18+', 'male', 'chronic illness', 'homeless', 'near homeless', 'substance dependency']",215-563-7763,https://saintjohnshospice.org/all-programs/,"1221 Race St., Philadelphia, PA 19107","https://www.google.com/maps/?q=1221+Race+St,+Philadelphia,+PA+19107/","['This program serves medically fragile, homeless men.']",available,"Good Shepherd provides a drug and alcohol-free, 12-bed residence for medically fragile, homeless men. The Good Shepherd Program focuses on transition from homeless to independent living, while also working with its clients to manage their specific healthcare needs.This program provides:- Short-Term Housing- Case Management- Counseling",['English'],Free,Yes,https://www.facebook.com/saintjohnshospice,https://www.twitter.com/@saintjohnshosp,"This program covers residents of the following counties: Philadelphia County, PA.",39.9561184,-75.1599411,19103,No,No,No,No,No,No,No,No,Yes,No,No,Yes,Yes,No,No,No,Yes,No,No,No,No,No,No,No,No,No,No,No,No,No,No,No,No,No,No,Yes,No,No,No,No,Yes,No,Yes,Yes,No,No,No,No,No,No,No,No,No,No,No,No,No,No,No,No,No,No,No,No,No,Yes,No,No,No,No,No,No,No,No,No,No,No,Yes,No,No,No,No,No,No,No,No,No,No,No,No,No,No,No,No,Yes,No,No,No,No,No,Yes,No,No,No,No,No,No,No,Yes,No,No,No,No,No,No,No,No,No,No,No,No,No,No,No,No,No,Yes,No,No,No,No,No,No,No,No,No,No,No,No,No,Yes,No,Yes,Yes,No,No,Yes,No,No,No,No,No,No,No,Yes,No,No,9:00 AM - 5:00 PM  EDT,9:00 AM - 5:00 PM  EDT,9:00 AM - 5:00 PM  EDT,9:00 AM - 5:00 PM  EDT,9:00 AM - 5:00 PM  EDT,Closed,Closed
Better Living Center_Community Support Services,https://www.auntbertha.com//better-living-center-%2528blc%2529--chester-pa--community-support-services/5385341432496128?postal=19113,"['emergency food', 'health education', 'understand mental health', 'community support services', 'computer or internet access', 'after school care', 'day camp', 'navigating the system', 'help find work', 'skills & training']",None,"['anyone in need', 'all ages', 'individuals', 'families', 'low-income', 'criminal justice history']",610-497-1082,https://betterlivingcdc.org/,"1917 W 6th St, Chester, PA 19013","https://www.google.com/maps/?q=501+Yarnall+Street,+Chester,+PA+19013/",[Follow the Next Steps to find out if this program has eligibility criteria.],available,"The Better Living Center is dedicated to providing resources and information to empower the residents of Chester and Delaware County to improve their lives.This program provides:- An Emergency Food Pantry- Free Computer and Internet Access- After-School Programs- YMCA Summer Camp in partnership with the Rocky Run YMCA- Job Training, Career Development and Employment Searches- Healthy Lifestyle, Healthcare and Mental Health Information",['English'],Free,Yes,None,None,"This program covers residents of the following counties: Chester County, PA and Delaware County, PA.",39.8383841,-75.3834925,19013,No,No,No,Yes,No,No,Yes,No,No,Yes,No,No,No,No,No,No,No,No,Yes,No,Yes,No,Yes,No,Yes,No,No,No,No,No,No,Yes,No,No,No,No,No,Yes,No,Yes,No,No,No,No,No,No,No,No,No,No,No,No,No,No,No,No,No,No,No,No,No,No,No,No,No,Yes,No,No,No,No,No,No,No,No,No,No,No,No,No,No,No,No,No,No,No,No,No,No,No,No,No,No,No,No,No,No,No,No,No,No,No,Yes,No,No,No,No,No,Yes,No,No,No,No,No,No,No,No,Yes,No,No,No,No,No,Yes,No,No,Yes,No,No,No,No,No,No,No,Yes,No,No,No,No,No,No,No,No,No,Yes,No,No,Yes,No,No,No,No,No,No,No,No,No,No,8:00 AM - 5:00 PM  EDT,8:00 AM - 5:00 PM  EDT,8:00 AM - 5:00 PM  EDT,8:00 AM - 5:00 PM  EDT,8:00 AM - 5:00 PM  EDT,Closed,Closed
Bethesda Project_My Brother's House,https://www.auntbertha.com//bethesda-project--philadelphia-pa--my-brother%2527s-house/5138871176658944?postal=19102,"['temporary shelter', 'safe housing', 'mental health care', 'substance abuse counseling']","['meals', 'navigating the system', 'case management']","['all ages', 'male', 'homeless', 'near homeless', 'all mental health']",215-985-1600,https://www.bethesdaproject.org/housing-shelter,"609 South 15th Street, Philadelphia, PA 19146","https://www.google.com/maps/?q=609+South+15th+Street,+Philadelphia,+PA+19146/",['This program serves homeless men.'],available,"My Brother's House program offers a safe heaven that provides pre-recovery housing and an array of supportive services to 20 vulnerable men with chronic mental illness and substance abuse problem. This program provides:- Temporary shelterIn addition to a safe place to stay, resident are provided with:- Meals- Social services",['English'],Free,Yes,https://www.facebook.com/BethesdaProject/,https://www.twitter.com/@Bethesda_Proj,"This program covers residents of the following counties: Philadelphia County, PA.",39.9435134,-75.1671526,19146,No,Yes,No,No,No,No,No,No,No,No,No,No,No,No,No,No,No,No,No,No,Yes,No,No,No,No,No,No,No,No,Yes,No,No,No,No,No,Yes,No,No,No,No,Yes,No,No,Yes,No,No,No,Yes,No,No,No,No,No,No,No,No,No,No,No,No,No,No,No,No,No,Yes,No,No,No,No,No,No,No,No,No,No,No,No,No,No,No,No,No,No,No,Yes,No,No,No,No,No,No,No,No,Yes,No,No,No,No,No,No,No,No,Yes,No,No,No,No,Yes,No,No,No,No,No,No,No,No,No,No,No,No,No,No,No,No,Yes,No,No,No,No,No,No,No,No,No,No,No,No,No,No,Yes,No,No,Yes,No,No,Yes,No,No,No,No,No,No,No,Yes,No,No,8:00 AM - 5:00 PM  EDT,8:00 AM - 5:00 PM  EDT,8:00 AM - 5:00 PM  EDT,8:00 AM - 5:00 PM  EDT,8:00 AM - 5:00 PM  EDT,Closed,Closed
Bebashi_Second Helping Emergency Food Cupboard,https://www.auntbertha.com//bebashi--philadelphia-pa--second-helping-emergency-food-cupboard/4785885511417856?postal=19134,"['emergency food', 'food pantry']",None,"['all ages', 'individuals', 'families', 'low-income']",215-769-3561,https://www.bebashi.org/hunger-relief/,"1235 Spring Garden Street, Philadelphia, PA 19123","https://www.google.com/maps/?q=1235+Spring+Garden+Street,+Philadelphia,+PA+19123/",['HIV positive consumers need to bring their Ryan White Services Eligibility Card when visiting the food cupboard.\nNo referral is needed.\nThis program helps people with income at or below 150% of federal poverty guidelines.'],available,"Bebashi's Second Helping Emergency Food Pantry aims to ensure that those who are struggling with food insecurity don't go hungry. Service provided:- Boxed and canned food - Fresh meats, fruits and vegetables- Nutrition workshops and easy-to-prepare recipesVisitors can come to the pantry once a month.Information required to register: - Name - Last four digits of social security number- Zipcode- Monthly income- The number of people in the homeBring a pen to sign the intake form and something to hold items as you shop.If you are not a client of Bebashi you will need a referral letter from a social worker.",['English'],Free,Yes,https://www.facebook.com/bebashi,https://www.twitter.com/@bebashi,"This program covers residents of the following cities: Philadelphia, PA.",39.962199,-75.1586904,19108,Yes,No,No,No,No,No,No,No,No,No,No,No,No,No,No,No,No,No,No,No,No,No,No,No,No,No,No,No,No,No,No,Yes,No,No,No,No,No,No,No,No,No,No,No,No,No,No,No,No,No,No,No,No,No,No,No,No,No,No,No,No,No,No,No,No,No,Yes,No,No,No,No,No,No,No,No,No,No,No,No,Yes,No,No,No,No,No,No,No,No,No,No,No,No,No,No,No,No,No,No,No,No,No,No,Yes,No,No,No,No,No,Yes,No,No,No,No,No,No,No,No,No,No,No,No,No,No,Yes,No,No,Yes,No,No,No,No,No,No,No,No,No,No,No,No,No,No,No,No,No,Yes,No,No,Yes,No,No,No,No,No,No,No,No,No,No,11:00 AM - 4:00 PM  EDT,11:00 AM - 4:00 PM  EDT,11:00 AM - 4:00 PM  EDT,11:00 AM - 4:00 PM  EDT,11:00 AM - 4:00 PM  EDT,Closed,Closed
Addiction Medicine and Health Advocates Inc_Addiction Medicine And Health Advocates,https://www.auntbertha.com//addiction-medicine-and-health-advocates%252C-inc.-%2528amha%2529--philadelphia-pa--addiction-medicine-and-health-advocates/5185303560585216?postal=19102,"['addiction & recovery', 'detox', 'outpatient treatment', 'understand mental health', 'group therapy', 'substance abuse counseling', 'family counseling', 'mental health evaluation', 'drug testing', 'navigating the system', 'support network', 'one-on-one support']",None,"['adults', 'young adults', 'teens', 'seniors', 'substance dependency', 'families']",215-923-4202,https://amhainc.org/services,"928 Market St., Philadelphia, PA 19107","https://www.google.com/maps/?q=928+Market+St,+Philadelphia,+PA+19107/",[Follow the Next Steps to find out if this program has eligibility criteria.],available,"Addiction Medicine and Health Advocates, Inc. (AMHA) provides evidence-based substance abuse treatment, which is continuously responsive to the needs of the patients and their families. AMHA is an outpatient facility consisting of two levels of care: Outpatient and Intensive Outpatient. Methadone Maintenance is provided on both levels of care.Services provided include: Assessment and intake Medication-assisted treatment (methadone maintenance) Individual counseling & psychotherapy Group psychotherapy Psycho education Medical & psychiatric evaluations  Aftercare & follow up services  Referrals (educational, medical, vocational, psychiatric, higher levels of care) Couples & family therapy Drug screening To begin the admissions process, please contact us. You may also come in person between the hours of 9 am and 4 pm, Monday through Friday. You will be asked to complete a short screening interview and if initial eligibility criteria is met, you will be scheduled for an assessment.At the time of your assessment, you will need to bring: Current, state-issued photo ID Insurance cardAMHA is a private not-for-profit organization dependent upon patient fees for its continuance. Most of our patients have some form of insurance or medical assistance that pays for medication-assisted treatment services. Individuals who do not have insurance are responsible for payment or they may be eligible for county funding.",['English'],Reduced Cost,Yes,None,None,"This program covers residents of the following counties: Philadelphia County, PA.",39.9513162,-75.1561975,19107,No,No,No,Yes,Yes,Yes,No,No,No,No,No,Yes,No,No,Yes,No,No,No,No,No,Yes,No,No,No,No,No,Yes,No,Yes,No,No,No,Yes,No,No,Yes,No,No,No,No,No,No,No,No,Yes,No,No,No,Yes,No,No,No,No,No,No,No,No,No,No,No,No,No,No,No,No,Yes,No,No,No,No,No,No,No,No,No,No,No,No,No,No,No,No,No,No,No,No,No,No,No,No,No,No,No,No,No,No,No,No,No,No,No,No,No,No,No,No,No,No,No,No,No,No,No,No,No,No,No,No,No,No,No,No,Yes,No,No,No,Yes,No,No,No,Yes,No,No,No,No,No,Yes,No,No,Yes,No,Yes,No,No,Yes,No,Yes,No,No,No,No,No,No,No,No,No,No,6:00 AM - 2:00 PM  EDT,6:00 AM - 2:00 PM  EDT,6:00 AM - 2:00 PM  EDT,6:00 AM - 2:00 PM  EDT,6:00 AM - 2:00 PM  EDT,6:00 AM - 11:45 AM  EDT,6:00 AM - 11:45 AM  EDT