Service_Name,Service_URL,Reviewd_on,Main_Services,Other_Services,Serving,Phone_Number,Website,Location_Address,Location_URL_Map,Eligibility,Availability,Description,Languages,Cost,Google_Review,Facebook_URL,Twitter_URL,Coverage,Latitude,Longitude,Zipcode,help pay for housing,skills & training,computer or internet access,navigating the system,medical care,community support services,weather relief,help pay for utilities,substance abuse counseling,skilled nursing,prevent & treat,mental health care,emergency food,personal hygiene,support network,financial education,temporary shelter,help find work,food pantry,short-term housing,clothing,financial assistance,exercise & fitness,disaster response,help find housing,emergency payments,meals,safe housing,spiritual support,recreation,one-on-one support,counseling,advocacy & legal aid,case management,immediate safety,addiction & recovery,Portuguese,Haitian,Punjabi,Yoruba,Hindi,Spanish,Russian,English,Turkish,French,Gujarati,Arabic,Kinyarwanda,Armenian,Ukrainian,Swahili,Serves families seeking emergency housing.,This program serves African and Caribbean immigrants/refugees.,"Must be a Delaware County resident.
Must have a negative COVID-19 test result from within the last 72 hours prior to intake.",For individuals facing homelessness in the Philadelphia area.,We serve single men experiencing homelessness.,"This program serves single individuals who are experiencing homelessness.
Must complete an assessment at the Boothwyn office before receiving services.",This program serves homeless individuals and families.,Anyone can access this program.,All families must be referred to us through the City of Philadelphias Office of Supportive Housing central intake.,"This program helps people with income at or below 125% of federal poverty guidelines.
Must be experiencing a financial crisis and at imminent risk of becoming homeless. OR

Received a court eviction hearing notice or court-ordered eviction. OR

Received a notice to vacate from landlord. OR

Lack family and financial resources, placing you at risk for homelessness. OR

Have the ability to sustain housing after receiving assistance.",For women experiencing domestic violence in the Philadelphia area.,This program serves homeless people.,This program serves homeless men.,"This program helps people who are older than 17 years old.
Must have a referral from your local VA.","This program serves residents in Philadelphia county, PA.",This program serves single males.,This program serves people experiencing homelessness.,Centralized Homeless Intake assessment of eligibility required.,This program serves veterans.,This program helps people who are older than 17 years old. Must be a pregnant woman with no children currently in your care.,This program serves homeless families.,"Must be a migrant or seasonal farmworker, or other rural disadvantaged person.
Must reside in the coverage area.","For homeless individuals residing in the Philadelphia, PA area.",This program helps homeless men.,This program serves single men in North Philadelphia who are experiencing homelessness.,This program is available to anyone seeking refuge that was recently released from U.S. custody,This program serves teens experiencing homelessness.,This program serves homeless individuals.,We serve families with children who are facing homelessness.,"Must be male and homeless
Must have a referral from The Office of Homeless Services (OHS). 
This program helps people who are older than 17 years old.",This program helps people who are 12 to 17 years old.,caregivers,emergency,underinsured,abuse or neglect survivors,dropouts,near homeless,immigrants,uninsured,in danger,single parent,students,covid19,parents,adults 18+,individuals,ptsd,all mental health,veterans,low-income,homeless,infants,natural disaster survivors,home owners,unemployed,domestic violence survivors,employed,female,runaways,anyone in need,adults,spouses,home renters,fathers,benefit recipients,in crisis,children,families,all ages,substance dependency,refugees,dual diagnosis,seniors,foster youth,criminal justice history,with children,young adults,dependents,mothers,retirement,male,teens,Cost_Free,Availability_full,Availability_available,24hour,Monday,Tuesday,Wednesday,Thursday,Friday,Saturday,Sunday
Conquerors Community Development Corporation_Various Community Events and Programs,https://www.auntbertha.com//conquerors-community-development-corporation-%2528ccdc%2529--philadelphia-pa--various-community-events-%2526-programs/5390636500647936?postal=19143,5/23/10,Done,Done,"['anyone in need', 'all ages', 'adults', 'young adults', 'teens', 'infants', 'children', 'seniors', 'adults 18+', 'criminal justice history', 'covid19', 'dropouts', 'students', 'employed', 'retirement', 'unemployed', 'female', 'male', 'individuals', 'families', 'with children', 'home owners', 'home renters', 'near homeless', 'benefit recipients', 'low-income', 'uninsured', 'underinsured', 'caregivers', 'spouses', 'dependents', 'fathers', 'mothers', 'parents', 'in crisis', 'in danger', 'emergency']",215-474-2717,https://www.vccphilly.org/ccdc.php,"5220 Whitby Avenue, Philadelphia, PA 19143","https://www.google.com/maps/?q=5220+Whitby+Avenue,+Philadelphia,+PA+19143/",Follow the Next Steps to find out if this program has eligibility criteria.,full,"The Conquerors Community Development Corporation (CCDC) hosts Various Community Events & Programs that help to elevate the quality of life for the West and Southwest Philadelphia communities.  We host the 51st Ward Register Community Organization (RCO) Mondays 6pm-8pm and a number of other Community engagement events throughout the year with the following being held annually:1) Community Health Fair - A host of healthcare agencies provide access to a wide-range of information and services for our neighbors.2) Back 2 School Community Day - The CCDC partners with Victory Christian Center for our back-to-school event which includes refreshments, activities and entertainment for kids, parents and guardians. We provide information about programs and services for children, new backpacks, and school supplies.3) Senior Thanksgiving Luncheon - In partnership with the United Block Captains Association (UBCA) and Victory Christian Center, we host a Thanksgiving Dinner style luncheon for the senior in the neighborhood.4) Christmas at Victory Village - Through our annual Toy Drive at Victory Christian Center and with Coats received from the YMCA in partnership with Auto Dealers CARing for Kids Foundation, we provide a new coat, a toy, and book for children in need. This is a festive and lively event that includes food, music and entertainment for families during the holiday season.",English,Free,Yes,https://www.facebook.com/CCDCPhilly/,https://www.twitter.com/@vcc_philly,"This program covers residents of the following cities: Philadelphia, PA.",39.9463281,-75.2273043,19143,No,No,Yes,No,No,Yes,Yes,No,No,No,No,No,No,No,No,No,No,No,No,No,No,No,Yes,No,No,No,No,No,No,Yes,No,No,No,No,No,No,No,No,No,No,No,No,No,Yes,No,No,No,No,No,No,No,No,No,No,No,No,No,No,No,No,No,No,No,No,No,No,No,No,No,No,No,No,No,No,No,No,No,No,No,No,No,No,No,Yes,Yes,Yes,No,Yes,Yes,No,Yes,Yes,No,Yes,Yes,Yes,Yes,Yes,No,No,No,Yes,No,Yes,No,Yes,Yes,No,Yes,Yes,No,Yes,Yes,Yes,Yes,Yes,Yes,Yes,Yes,Yes,Yes,No,No,No,Yes,No,Yes,Yes,Yes,Yes,Yes,Yes,Yes,Yes,Yes,Yes,No,No,9:00 AM - 5:00 PM  EDT,9:00 AM - 5:00 PM  EDT,9:00 AM - 5:00 PM  EDT,9:00 AM - 5:00 PM  EDT,9:00 AM - 5:00 PM  EDT,Closed,Closed
African Family Health Organization_Human Services,https://www.auntbertha.com//african-family-health-organization-%2528afaho%2529--philadelphia-pa--human-services/5355967947210752?postal=19144,9/28/23,Done,Done,"['all ages', 'immigrants', 'refugees', 'individuals', 'families']",215-546-1232,https://afaho.org/education-services/,"2420 South 45th Street, Philadelphia, PA 19143","https://www.google.com/maps/?q=2420+South+45th+Street,+Philadelphia,+PA+19143/",This program assists African and Caribbean immigrants and refugees.,available,"AFAHO's multi-lingual and bi-cultural case managers assist clients in mitigating the myriad of barriers they face in accessing critical health and social services which play a vital role in their successful integration, improved health, and ability to be self-sufficient. This program provides:- Behavioral health - Domestic violence awareness and support- Housing assistance and monthly food assistance- Elders' programming- Individual case management- Family case management","Arabic, English, French, Kinyarwanda, Swahili, Yoruba",Free,Yes,https://www.facebook.com/The-Salvation-Army-Nampa-Idaho-208522825852957/,https://www.twitter.com/@AFAHO,"This program covers residents of the following cities: Philadelphia, PA.",39.9454475,-75.2085961,19143,No,No,No,Yes,No,No,No,No,No,No,No,Yes,No,No,No,No,Yes,No,Yes,No,No,No,No,No,No,No,No,No,No,No,No,No,No,Yes,No,No,No,No,No,Yes,No,No,No,Yes,No,Yes,No,Yes,Yes,No,No,Yes,No,Yes,No,No,No,No,No,No,No,No,No,No,No,No,No,No,No,No,No,No,No,No,No,No,No,No,No,No,No,No,No,No,No,No,No,No,No,Yes,No,No,No,No,No,No,No,Yes,No,No,No,No,No,No,No,No,No,No,No,No,No,No,No,No,No,No,No,No,No,Yes,Yes,No,Yes,No,No,No,No,No,No,No,No,No,No,No,Yes,No,Yes,No,8:00 AM - 5:00 PM  EDT,8:00 AM - 5:00 PM  EDT,8:00 AM - 5:00 PM  EDT,8:00 AM - 5:00 PM  EDT,8:00 AM - 5:00 PM  EDT,Closed,Closed
Horizon House_Navigation Center,https://www.auntbertha.com//horizon-house--philadelphia-pa--navigation-center/6224216144216064?postal=19143,9/28/23,Done,Done,"['homeless', 'all ages']",215-386-3838 ,https://www.hhinc.org/behavioral-health-services/residential-treatment/,"5901 Market Street, Philadelphia, PA 19104","https://www.google.com/maps/?q=5901+Market+Street,+Philadelphia,+PA+19104/",This program serves people experiencing homelessness.,available,"Navigation Center offers service-resistant homeless individuals the chance to gain stability by offering to meet their immediate needs by providing basic human services.Services include:- Temporary shelter- Food- Showers - Season-appropriate clothing- Resources for other human servicesFor more information, please call the Outreach Coordination Center's 24-hour hotline: 215-232-1984.",English,Free,Yes,https://www.facebook.com/horizonhouseinc/,None,"This program covers residents of the following counties: Philadelphia County, PA.",39.9620586,-75.239132,19139,No,No,No,Yes,No,No,No,No,No,No,No,No,No,Yes,No,No,Yes,No,No,No,Yes,No,No,No,No,No,Yes,No,No,No,No,No,No,No,No,No,No,No,No,No,No,No,No,Yes,No,No,No,No,No,No,No,No,No,No,No,No,No,No,No,No,No,No,No,No,No,No,No,No,Yes,No,No,No,No,No,No,No,No,No,No,No,No,No,No,No,No,No,No,No,No,No,No,No,No,No,No,No,No,No,No,No,No,No,Yes,No,No,No,No,No,No,No,No,No,No,No,No,No,No,No,No,No,Yes,No,No,No,No,No,No,No,No,No,No,No,No,No,Yes,No,Yes,No,8:00 AM - 5:00 PM  EDT,8:00 AM - 5:00 PM  EDT,8:00 AM - 5:00 PM  EDT,8:00 AM - 5:00 PM  EDT,8:00 AM - 5:00 PM  EDT,Closed,Closed
Salvation Army Eastern Pennsylvania and Delaware_Comprehensive Shelters,https://www.auntbertha.com//salvation-army-eastern-pennsylvania-%2526-delaware--philadelphia-pa--comprehensive-shelters/5929367212130304?postal=19143,9/28/23,Done,Done,"['all ages', 'children', 'individuals', 'families', 'single parent', 'homeless', 'parents']",215-474-1010,https://easternusa.salvationarmy.org/,"5501 Market Street, Philadelphia, PA 19139","https://www.google.com/maps/?q=5501+Market+Street,+Philadelphia,+PA+19139/",This program serves homeless individuals and families.,available,"Salvation Army shelters welcome all homeless who come to their door. Comprehensive services are available to single-parent families, single women, single men, married couples, children awaiting placement in a foster home, and dual-parent families.This program provides:- Temporary shelter These shelters offer spiritual and physical care, food, and shelter to people in need. They attend the total needs of the individual and are meant to be a kind resting place to help these individuals get back on their feet.",English,Free,Yes,https://www.facebook.com/SalvationArmyPhiladelphia,https://twitter.com/SalArmyPhilly,"This program covers residents of the following counties: Kent County, DE, New Castle County, DE, Berks County, PA, Chester County, PA, Lebanon County, PA, Luzerne County, PA, Monroe County, PA, Montgomery County, PA and Philadelphia County, PA.",39.9610183,-75.2312699,19139,No,No,No,No,No,No,No,No,No,No,No,No,No,No,No,No,Yes,No,No,No,No,No,No,No,No,No,No,No,No,No,No,No,No,No,No,No,No,No,No,No,No,No,No,Yes,No,No,No,No,No,No,No,No,No,No,No,No,No,No,Yes,No,No,No,No,No,No,No,No,No,No,No,No,No,No,No,No,No,No,No,No,No,No,No,No,No,No,No,No,No,No,No,No,No,Yes,No,No,Yes,No,Yes,No,No,No,No,Yes,No,No,No,No,No,No,No,No,No,No,No,No,No,No,No,Yes,Yes,Yes,No,No,No,No,No,No,No,No,No,No,No,No,No,Yes,No,Yes,No,9:00 AM - 4:00 PM  EDT,9:00 AM - 4:00 PM  EDT,9:00 AM - 4:00 PM  EDT,9:00 AM - 4:00 PM  EDT,9:00 AM - 4:00 PM  EDT,9:00 AM - 4:00 PM  EDT,9:00 AM - 4:00 PM  EDT
Families Forward_Emergency Shelter,https://www.auntbertha.com//families-forward--philadelphia-pa--emergency-shelter/6206753615380480?postal=19143,9/28/23,Done,Done,"['all ages', 'individuals', 'families', 'homeless']",215-240-4800,https://familiesforwardphilly.org/programs/emergency-shelter/,"111 North 49th Street, Philadelphia, PA 19139","https://www.google.com/maps/?q=111+North+49th+Street,+Philadelphia,+PA+19139/",All families must be referred to us through the City of Philadelphias Office of Supportive Housing central intake.,available,"Families Forward Philadelphia offers an emergency family shelter, for families in need, that has 65 individual rooms. While obtaining housing is their top priority, they also encourage saving money - working with families to dedicate funds to rent, furnishings and day-to-day living expenses once they leave the shelter.This program provides:- A warm, safe environment- Nutritious meals- Case managementAdditionally throughout the day, workshops are available to prepare families for independent living, including parenting classes, life skills development, computer classes, money management classes, and much more.",English,Free,Yes,https://www.facebook.com/FFPhiladelphia/,None,"This program covers residents of the following counties: Philadelphia County, PA.",39.9645958,-75.2180809,19139,No,No,No,No,No,No,No,No,No,No,No,No,No,No,No,No,Yes,No,No,No,No,No,No,No,No,No,No,No,No,No,No,No,No,No,No,No,No,No,No,No,No,No,No,Yes,No,No,No,No,No,No,No,No,No,No,No,No,No,No,No,No,Yes,No,No,No,No,No,No,No,No,No,No,No,No,No,No,No,No,No,No,No,No,No,No,No,No,No,No,No,No,No,No,No,No,No,No,No,No,Yes,No,No,No,No,Yes,No,No,No,No,No,No,No,No,No,No,No,No,No,No,No,No,Yes,Yes,No,No,No,No,No,No,No,No,No,No,No,No,No,Yes,No,Yes,No,8:00 AM - 5:00 PM  EDT,8:00 AM - 5:00 PM  EDT,8:00 AM - 5:00 PM  EDT,8:00 AM - 5:00 PM  EDT,8:00 AM - 5:00 PM  EDT,Closed,Closed
Youth Service Inc_Youth Emergency Service,https://www.auntbertha.com//youth-service%252C-inc--philadelphia-pa--youth-emergency-service-%2528yes%2529/5680777996009472?postal=19143,9/28/23,Done,Done,"['teens', 'children', 'homeless', 'runaways', 'in crisis', 'emergency']",215-787-0633,https://ysiphilly.org/youth-emergency-service/,"1526 Fairmount Avenue, Philadelphia, PA 19130","https://www.google.com/maps/?q=1526+Fairmount+Avenue,+Philadelphia,+PA+19130/",This program helps people who are 12 to 17 years old.,available,"Youth Emergency Service (YES) offers immediate housing, respite, and support services to youth ages 12-17 facing housing insecurity or are unable to safely live with family. YES Services include:- Twenty four hour emergency respite and protection for youth ages 12-17- Telephone hotline and referral services as well as links to national runaway and homeless youth providers through national Runaway Safeline and National safe Place- Medical care _ examinations and follow-up- Counseling supports and referrals- Voluntary and confidential HIV testing- Linkage to The Attic for those wanting service for LGBTQ youth- Physical and sexual health information and supports- Referral to home based services for families- Education and recreation programming and supports- Title I tutoringYouth can be self referred, enter through the formal child welfare system, Department of Human Services, or through referrals from partner organizations throughout the county. Referrals come from family, school staff and other concerned persons.",English,Free,Yes,https://www.facebook.com/ysiyouthserviceinc,https://www.twitter.com/@YSIPHILLY,"This program covers residents of the following counties: Philadelphia County, PA.",39.9668576,-75.1631024,19130,No,No,No,Yes,No,No,No,No,No,No,No,No,No,No,Yes,No,Yes,No,No,No,No,No,No,No,No,No,No,No,No,No,No,Yes,No,No,No,No,No,No,No,No,No,No,No,Yes,No,No,No,No,No,No,No,No,No,No,No,No,No,No,No,No,No,No,No,No,No,No,No,No,No,No,No,No,No,No,No,No,No,No,No,No,No,No,Yes,No,Yes,No,No,No,No,No,No,No,No,No,No,No,No,No,No,No,No,No,Yes,No,No,No,No,No,No,No,Yes,No,No,No,No,No,No,Yes,Yes,No,No,No,No,No,No,No,No,No,No,No,No,No,No,Yes,Yes,No,Yes,No,8:00 AM - 5:00 PM  EDT,8:00 AM - 5:00 PM  EDT,8:00 AM - 5:00 PM  EDT,8:00 AM - 5:00 PM  EDT,8:00 AM - 5:00 PM  EDT,Closed,Closed
"City of Philadelphia-Office of Homeless Services_City of Philadelphia, Office of Homeless Services-Prevention, Diversion and Intake",https://www.auntbertha.com//city-of-philadelphia---office-of-homeless-services--philadelphia-pa--city-of-philadelphia%252C-office-of-homeless-services---prevention%252C-diversion-and-intake/6101823548030976?postal=19144,9/28/23,Done,Done,"['adults 18+', 'individuals', 'families', 'home renters', 'near homeless']",215-686-7177,https://www.phila.gov/departments/office-of-homeless-services/,"804 North Broad Street, Philadelphia, PA 19130","https://www.google.com/maps/?q=804+North+Broad+Street,+Philadelphia,+PA+19130/","This program helps people with income at or below 125% of federal poverty guidelines.
Must be experiencing a financial crisis and at imminent risk of becoming homeless. OR
Received a court eviction hearing notice or court-ordered eviction. OR
Received a notice to vacate from landlord. OR
Lack family and financial resources, placing you at risk for homelessness. OR
Have the ability to sustain housing after receiving assistance.",available,"The City of Philadelphia - Office of Homeless Services provides limited emergency financial assistance and/or emergency response for families and individuals displaced or experiencing homelessness and residents with court-ordered evictions.This program provides:- Mediation- Financial Counseling- Problem solving- One-time payment for move-in costs (security deposit, first and last month's rent)- Up to 12 months of rental assistance with housing case management- Emergency Housing (shelter)Assistance is available for residents displaced by disasters, natural and otherwise. Due to high call volume, OHS staff will return calls within 5 to 10 business days. Assistance is based on funding availability.","English, Spanish",Free,Yes,https://www.facebook.com/pages/Philadelphia-PA/City-of-Philadelphia/23587514958,https://www.twitter.com/@PhiladelphiaGov,"This program covers residents of the following counties: Philadelphia County, PA.",39.968264,-75.1606146,19130,Yes,No,No,No,No,No,No,Yes,No,No,No,No,No,No,No,Yes,Yes,No,No,No,No,Yes,No,No,No,Yes,No,No,No,No,No,No,No,No,No,No,No,No,No,No,No,Yes,No,Yes,No,No,No,No,No,No,No,No,No,No,No,No,No,No,No,No,No,Yes,No,No,No,No,No,No,No,No,No,No,No,No,No,No,No,No,No,No,No,No,No,No,No,No,No,No,Yes,No,No,No,No,No,No,No,Yes,Yes,No,No,No,No,No,No,No,No,No,No,No,No,No,No,No,No,Yes,No,No,No,No,Yes,No,No,No,No,No,No,No,No,No,No,No,No,No,No,Yes,No,Yes,No,7:00 AM - 5:00 PM  EDT,7:00 AM - 5:00 PM  EDT,7:00 AM - 5:00 PM  EDT,7:00 AM - 5:00 PM  EDT,7:00 AM - 5:00 PM  EDT,Closed,Closed
Prevention Point Philadelphia_Drop In Center,https://www.auntbertha.com//prevention-point-philadelphia-%2528ppp%2529--philadelphia-pa--drop-in-center/5089660355477504?postal=19143,4/23/10,Done,Done,"['adults 18+', 'individuals', 'families']",215-634-5272,https://ppponline.org/node/231/syringe-services-program,"2915 Kensington Avenue, Philadelphia, PA 19134","https://www.google.com/maps/?q=2915+Kensington+Avenue,+Philadelphia,+PA+19134/","This program serves residents in Philadelphia county, PA.",available,"The Drop In Center strives to be free of judgment, allowing people of all backgrounds to come in and relax. The Drop In Center is in many ways the gateway through which participants are connected to the many services provided by PPP. This program provides:- Case management- HIV/HCV testing and counseling- Mail services- Legal clinic- Medical services- CRAFT (links participants to addiction treatment)- Specialized surveys - MealsThe Drop In Center is open five days a week and provides daily respite for clients from outside weather.","English, Spanish",Free,Yes,https://www.facebook.com/preventionpointphiladelphia,https://www.twitter.com/@preventionpp,"This program covers residents of the following counties: Philadelphia County, PA.",39.9928015,-75.1196609,19124,No,No,No,Yes,Yes,No,Yes,No,No,No,No,No,No,No,No,No,No,No,No,No,No,No,No,No,No,No,Yes,No,No,No,Yes,No,Yes,Yes,No,Yes,No,No,No,No,No,Yes,No,Yes,No,No,No,No,No,No,No,No,No,No,No,No,No,No,No,No,No,No,No,No,No,No,Yes,No,No,No,No,No,No,No,No,No,No,No,No,No,No,No,No,No,No,No,No,No,No,No,No,No,No,No,No,No,Yes,Yes,No,No,No,No,No,No,No,No,No,No,No,No,No,No,No,No,No,No,No,No,No,Yes,No,No,No,No,No,No,No,No,No,No,No,No,No,No,Yes,No,Yes,No,8:00 AM - 5:00 PM  EDT,8:00 AM - 5:00 PM  EDT,8:00 AM - 5:00 PM  EDT,8:00 AM - 5:00 PM  EDT,8:00 AM - 5:00 PM  EDT,Closed,Closed
SELF Inc_Station House Intake Center Services,https://www.auntbertha.com//self%252C-inc.--philadelphia-pa--station-house-intake-center-services/6354456388829184?postal=19143,9/28/23,Done,Done,"['adults 18+', 'male', 'homeless']",215-225-9230,https://www.selfincorp.org/station-house,"1425 Arch Street, Philadelphia, PA 19102","https://www.google.com/maps/?q=1425+Arch+Street,+Philadelphia,+PA+19102/",We serve single men experiencing homelessness.,available,"Centralized Homeless Intake Services includes an assessment of eligibility and service needs of persons and families presenting for placement into emergency housing. If eligible, persons and families are placed in appropriate emergency housing, boarding homes, or other alternative housing. Services include:- Temporary shelter- Ongoing case management services- Assistance with obtaining transitional and/or permanent housing- Supportive housing for special populations- An optional savings program which allows households to save a part of their income for future housing expensesMental health assessments and referrals to drug/alcohol treatment, health services, children and youth services, legal services and veteran's services, etc., are provided as needed to clients of the program.- Connecting Services to other community resources- ScreeningIf you are currently experiencing homelessness, please call us during business hours. You must go through central intake for an initial assessment of your housing needs before placement into the homeless housing system.",English,Free,Yes,None,None,"This program covers residents of the following counties: Philadelphia County, PA.",39.9550365,-75.1641601,19102,No,No,No,No,No,No,No,No,No,No,No,No,No,No,No,No,Yes,No,No,No,No,No,No,No,No,No,No,No,No,No,No,No,No,No,No,No,No,No,No,No,No,No,No,Yes,No,No,No,No,No,No,No,No,No,No,No,No,Yes,No,No,No,No,No,No,No,No,No,No,No,No,No,No,No,No,No,No,No,No,No,No,No,No,No,No,No,No,No,No,No,No,No,No,No,No,No,No,No,Yes,No,No,No,No,No,Yes,No,No,No,No,No,No,No,No,No,No,No,No,No,No,No,No,No,No,No,No,No,No,No,No,No,No,No,No,No,Yes,No,Yes,No,Yes,No,8:00 AM - 5:00 PM  EDT,8:00 AM - 5:00 PM  EDT,8:00 AM - 5:00 PM  EDT,8:00 AM - 5:00 PM  EDT,8:00 AM - 5:00 PM  EDT,Closed,Closed
HELP USA Pennsylvania_Emergency Shelter,https://www.auntbertha.com//help-usa-pennsylvania--philadelphia-pa--emergency-shelter/5398794886447104?postal=19143,5/23/10,Done,Done,"['all ages', 'individuals', 'families', 'homeless', 'near homeless', 'low-income', 'abuse or neglect survivors', 'domestic violence survivors']",212-400-7000,https://www.helpusa.org/providing-shelter/,"4910 Wyalusing Avenue, Philadelphia, PA 19131","https://www.google.com/maps/?q=4910+Wyalusing+Avenue,+Philadelphia,+PA+19131/",For individuals facing homelessness in the Philadelphia area.,available,"HELP USA is there for those who find themselves suddenly homeless, and they provide them with safe, temporary shelter and the support they need to get back on their feet. They believe in a different kind of homeless shelter - one that is respectful, supportive, and treats each resident as a unique individual.This program provides:- Temporary shelter- Day care and afterschool care- Physical and mental healthcare- Navigating the system- Help find work",English,Free,Yes,https://www.facebook.com/helpusa,https://www.twitter.com/@HelpUSA,"This program covers residents of the following counties: Bucks County, PA, Delaware County, PA, Montgomery County, PA and Philadelphia County, PA.",39.9699546,-75.2192132,19131,No,No,No,Yes,No,No,No,No,No,Yes,Yes,No,No,No,No,No,Yes,Yes,No,No,No,No,No,No,No,No,No,No,No,No,No,No,No,No,No,No,No,No,No,No,No,No,No,Yes,No,No,No,No,No,No,No,No,No,No,No,Yes,No,No,No,No,No,No,No,No,No,No,No,No,No,No,No,No,No,No,No,No,No,No,No,No,No,No,No,No,No,No,Yes,No,Yes,No,No,No,No,No,No,No,No,Yes,No,No,No,Yes,Yes,No,No,No,No,Yes,No,No,No,No,No,No,No,No,No,No,No,Yes,Yes,No,No,No,No,No,No,No,No,No,No,No,No,No,Yes,No,Yes,No,8:00 AM - 5:00 PM  EDT,8:00 AM - 5:00 PM  EDT,8:00 AM - 5:00 PM  EDT,8:00 AM - 5:00 PM  EDT,8:00 AM - 5:00 PM  EDT,Closed,Closed
The Veterans Group_Men's Shelter,https://www.auntbertha.com//the-veterans-group--philadelphia-pa--men%2527s-shelter/6710596967858176?postal=19143,9/28/23,Done,Done,"['adults 18+', 'veterans', 'homeless', 'ptsd']",215-222-4379,https://theveteransgroup.org/,"3209 Baring St, Philadelphia, PA 19104","https://www.google.com/maps/?q=3209+Baring+St,+Philadelphia,+PA+19104/",This program helps people who are older than 17 years old. Must have a referral from your local VA.,available,"The Veterans Group's Men's Shelter provide shelter for up to 41 men, providing them with a roof over their head, warm meals, and a variety of programs and services.This program provides:- ShelterShelter residents will receive: - Meals- PTSD counseling- Basic skills training",English,Free,Yes,https://www.facebook.com/search/results.php?q=the%20veterans%20group&init=quick&tas=0.9926988141674462#!/pages/The-Veterans-Group/144681825577008,https://www.twitter.com/@veterans_group,"This program covers residents of the following counties: Bucks County, PA, Chester County, PA, Delaware County, PA, Montgomery County, PA and Philadelphia County, PA.",39.9619141,-75.1890686,19104,No,No,No,No,No,No,No,No,No,No,No,No,No,No,No,No,Yes,No,No,No,No,No,No,No,No,No,No,No,No,No,No,No,No,No,No,No,No,No,No,No,No,No,No,Yes,No,No,No,No,No,No,No,No,No,No,No,No,No,No,No,No,No,No,No,No,No,Yes,No,No,No,No,No,No,No,No,No,No,No,No,No,No,No,No,No,No,No,No,No,No,No,No,No,No,No,No,No,No,Yes,No,Yes,No,Yes,No,Yes,No,No,No,No,No,No,No,No,No,No,No,No,No,No,No,No,No,No,No,No,No,No,No,No,No,No,No,No,No,No,No,Yes,No,Yes,No,8:00 AM - 5:00 PM  EDT,8:00 AM - 5:00 PM  EDT,8:00 AM - 5:00 PM  EDT,8:00 AM - 5:00 PM  EDT,8:00 AM - 5:00 PM  EDT,Closed,Closed
Bethesda Project_Church-Based Shelters,https://www.auntbertha.com//bethesda-project--philadelphia-pa--church-based-shelters/5997720409997312?postal=19143,9/28/23,Done,Done,"['all ages', 'homeless', 'emergency']",215-985-1600,https://www.bethesdaproject.org/housing-shelter,"2212 Spruce Street, Philadelphia, PA 19103","https://www.google.com/maps/?q=2212+Spruce+Street,+Philadelphia,+PA+19103/",This program serves homeless individuals.,available,"In partnership with local churches, Bethesda Project provides shelter for men and women, year round and in the winter. This program provides:- Overnight shelterAdditional offerings for shelter recipients include:- Meals- Case management",English,Free,Yes,https://www.facebook.com/BethesdaProject,https://www.twitter.com/@Bethesda_Proj,"This program covers residents of the following counties: Philadelphia County, PA.",39.9484079,-75.1781384,19103,No,No,No,No,No,No,No,No,No,No,No,No,No,No,No,No,Yes,No,No,No,No,No,No,No,No,No,No,No,No,No,No,No,No,No,No,No,No,No,No,No,No,No,No,Yes,No,No,No,No,No,No,No,No,No,No,No,No,No,No,No,No,No,No,No,No,No,No,No,No,No,No,No,No,No,No,No,No,No,No,No,Yes,No,No,No,No,Yes,No,No,No,No,No,No,No,No,No,No,No,No,No,No,No,No,No,Yes,No,No,No,No,No,No,No,No,No,No,No,No,No,No,No,No,No,Yes,No,No,No,No,No,No,No,No,No,No,No,No,No,Yes,No,Yes,No,8:00 AM - 5:00 PM  EDT,8:00 AM - 5:00 PM  EDT,8:00 AM - 5:00 PM  EDT,8:00 AM - 5:00 PM  EDT,8:00 AM - 5:00 PM  EDT,Closed,Closed
Catholic Social Services of the Archdiocese of Philadelphia-Saint John's Hospice_Coffee House,https://www.auntbertha.com//catholic-social-services-of-the-archdiocese-of-philadelphia---saint-john%2527s-hospice-%2528sjh%2529--philadelphia-pa--coffee-house/5112554392387584?postal=19143,5/23/10,Done,Done,"['adults 18+', 'male', 'homeless']",215-563-7763,https://saintjohnshospice.org/all-programs/,"1221 Race St, Philadelphia, PA 19107","https://www.google.com/maps/?q=1221+Race+St,+Philadelphia,+PA+19107/",This program helps homeless men.,available,"The Coffee House provides a safe resting and sleeping environment for chronically homeless men who typically avoid shelter living.This program provides:- Overnight shelterAdditional services:- Warm meal- Beverages- Restrooms- ShowersIf you are interested in staying at the SJH Coffee House, report to at the corner of N. Camac and Race Streets at 10 pm.",English,Free,Yes,https://www.facebook.com/saintjohnshospice,https://twitter.com/saintjohnshosp,"This program covers residents of the following counties: Philadelphia County, PA.",39.9561184,-75.1599411,19103,No,No,No,No,No,No,No,No,No,No,No,No,No,No,No,No,Yes,No,No,No,No,No,No,No,No,No,No,No,No,No,No,No,No,No,No,No,No,No,No,No,No,No,No,Yes,No,No,No,No,No,No,No,No,No,No,No,No,No,No,No,No,No,No,No,No,No,No,No,No,No,No,No,No,No,No,No,Yes,No,No,No,No,No,No,No,No,No,No,No,No,No,No,No,No,No,No,No,No,Yes,No,No,No,No,No,Yes,No,No,No,No,No,No,No,No,No,No,No,No,No,No,No,No,No,No,No,No,No,No,No,No,No,No,No,No,No,Yes,No,Yes,No,Yes,No,8:00 AM - 5:00 PM  EDT,8:00 AM - 5:00 PM  EDT,8:00 AM - 5:00 PM  EDT,8:00 AM - 5:00 PM  EDT,8:00 AM - 5:00 PM  EDT,Closed,Closed
Bethesda Project_My Brother's House,https://www.auntbertha.com//bethesda-project--philadelphia-pa--my-brother%2527s-house/5138871176658944?postal=19143,5/23/10,Done,Done,"['all ages', 'male', 'homeless', 'near homeless', 'all mental health']",215-985-1600,https://www.bethesdaproject.org/housing-shelter,"609 South 15th Street, Philadelphia, PA 19146","https://www.google.com/maps/?q=609+South+15th+Street,+Philadelphia,+PA+19146/",This program serves homeless men.,available,"My Brother's House program offers a safe heaven that provides pre-recovery housing and an array of supportive services to 20 vulnerable men with chronic mental illness and substance abuse problem. This program provides:- Temporary shelterIn addition to a safe place to stay, resident are provided with:- Meals- Social services",English,Free,Yes,https://www.facebook.com/BethesdaProject/,https://www.twitter.com/@Bethesda_Proj,"This program covers residents of the following counties: Philadelphia County, PA.",39.9435134,-75.1671526,19146,No,No,No,No,No,No,No,No,Yes,No,No,Yes,No,No,No,No,Yes,No,No,No,No,No,No,No,No,No,No,Yes,No,No,No,No,No,No,No,No,No,No,No,No,No,No,No,Yes,No,No,No,No,No,No,No,No,No,No,No,No,No,No,No,No,No,No,No,No,Yes,No,No,No,No,No,No,No,No,No,No,No,No,No,No,No,No,No,No,No,No,No,No,No,Yes,No,No,No,No,No,No,No,No,No,No,Yes,No,No,Yes,No,No,No,No,No,No,No,No,No,No,No,No,No,No,No,No,No,Yes,No,No,No,No,No,No,No,No,No,No,No,Yes,No,Yes,No,Yes,No,8:00 AM - 5:00 PM  EDT,8:00 AM - 5:00 PM  EDT,8:00 AM - 5:00 PM  EDT,8:00 AM - 5:00 PM  EDT,8:00 AM - 5:00 PM  EDT,Closed,Closed
Covenant House_Crisis Care Services,https://www.auntbertha.com//covenant-house--philadelphia-pa--crisis-care-services/5925873791401984?postal=19143,9/28/23,Done,Done,"['teens', 'foster youth', 'homeless']",215-951-5411,https://www.covenanthouse.org/homeless-youth-programs/job-training,"31 East Armat Street, Philadelphia, PA 19144","https://www.google.com/maps/?q=31+East+Armat+Street,+Philadelphia,+PA+19144/",This program serves teens experiencing homelessness.,available,"Covenant House's Crisis Care Services are short-term programs where a homeless child's most pressing, urgent needs are met immediately. There is no requirement that a young person be referred through an official channel - they can come anytime, day or night.This program provides:- Shelter- Hot meal- Emergency medical care- ShowersThis program also provides:- Mental health care- Legal assistance During the intake process, kids share their stories with trained staff so their immediate needs can be identified and then a plan is created for the best way to support them.",English,Free,Yes,https://www.facebook.com/CovenantHouse,https://www.twitter.com/@CovenantHouse,"This program covers residents of the following cities: Anchorage, AK, Anaheim, CA, Hayward, CA, Los Angeles, CA, Oakland, CA, Santa Clara, CA, Washington, DC, Fort Lauderdale, FL, Orlando, FL, Atlanta, GA, Chicago, IL, New Orleans, LA, Detroit, MI, Grand Rapids, MI, Saint Louis, MO, Asbury Park, NJ, Atlantic City, NJ, Elizabeth, NJ, Jersey City, NJ, Montclair, NJ, Newark, NJ, New York, NY, Philadelphia, PA, York, PA and Houston, TX.",40.0356379,-75.1733708,19144,No,No,No,No,No,No,No,No,No,No,No,No,No,No,No,No,Yes,No,No,No,No,No,No,No,No,No,No,No,No,No,No,No,No,No,No,No,No,No,No,No,No,No,No,Yes,No,No,No,No,No,No,No,No,No,No,No,No,No,No,No,No,No,No,No,No,No,No,No,No,No,No,No,No,No,No,No,No,No,No,Yes,No,No,No,No,No,No,No,No,No,No,No,No,No,No,No,No,No,No,No,No,No,No,No,Yes,No,No,No,No,No,No,No,No,No,No,No,No,No,No,No,No,No,No,No,No,No,No,Yes,No,No,No,No,No,No,No,Yes,Yes,No,Yes,No,8:00 AM - 5:00 PM,8:00 AM - 5:00 PM,8:00 AM - 5:00 PM,8:00 AM - 5:00 PM,8:00 AM - 5:00 PM,Closed,Closed
SELF Inc_Outley House,https://www.auntbertha.com//self%252C-inc.--philadelphia-pa--outley-house/5992920927698944?postal=19143,9/28/23,Done,Done,"['seniors', 'adults 18+', 'male', 'homeless', 'all mental health']",215-496-9610,https://www.selfincorp.org/programs-services/,"1211 Chestnut Street, Philadelphia, PA 19107","https://www.google.com/maps/?q=1211+Chestnut+Street,+Philadelphia,+PA+19107/",Must be male and homeless Must have a referral from The Office of Homeless Services (OHS). This program helps people who are older than 17 years old.,available,"Outley House serves single, adult men who are experiencing homelessness and are between the ages of 18 and 70+ years old. Their staff work tirelessly to help clients get back on their feet and start along the path to independence.This program provides:- Help find housing- Temporary shelter- Case managementThey also offer:- Behavioral and physical health services- Education opportunities- Independent living preparation- Access to resources and community contacts",English,Free,No,https://www.facebook.com/SELFIncorp/,https://www.twitter.com/@SelfInc1,"This program covers residents of the following counties: Philadelphia County, PA.",39.9506585,-75.1606944,19107,No,Yes,No,Yes,No,No,No,No,No,No,No,No,No,No,No,No,Yes,No,No,No,No,No,No,No,Yes,No,No,No,No,No,No,No,No,Yes,No,No,No,No,No,No,No,No,No,Yes,No,No,No,No,No,No,No,No,No,No,No,No,No,No,No,No,No,No,No,No,No,No,No,No,No,No,No,No,No,No,No,No,No,No,No,No,No,Yes,No,No,No,No,No,No,No,No,No,No,No,No,No,No,Yes,No,No,Yes,No,No,Yes,No,No,No,No,No,No,No,No,No,No,No,No,No,No,No,No,No,No,No,No,No,Yes,No,No,No,No,No,No,No,Yes,No,Yes,No,Yes,No,8:00 AM - 5:00 PM  EDT,8:00 AM - 5:00 PM  EDT,8:00 AM - 5:00 PM  EDT,8:00 AM - 5:00 PM  EDT,8:00 AM - 5:00 PM  EDT,Closed,Closed
Philly House_Men's Shelter,https://www.auntbertha.com//philly-house--philadelphia-pa--men%2527s-shelter/5704371963166720?postal=19143,9/28/23,Done,Done,"['adults 18+', 'male', 'individuals', 'homeless', 'emergency']",215-922-6400,https://www.phillyhouse.org/what-we-do/free-meals-for-all,"302 North 13th Street, Philadelphia, PA 19107","https://www.google.com/maps/?q=302+North+13th+Street,+Philadelphia,+PA+19107/",This program serves single men in North Philadelphia who are experiencing homelessness.,available,"Sunday Breakfast Rescue Mission strives to meet the physical needs of the homeless and hurting men in Philadelphia through emergency shelter services that provide safe beds and nutritious meals to their homeless guests 365 days a year. Services:- Temporary Shelter- Meals- Shower- Case Management Sunday Breakfast Rescue Mission includes an intake assessment of eligibility and service needs of persons and families presenting for placement into emergency housing. You must go through a central intake assessment before placement into the homeless housing system. To receive a bed, please arrive at 7:00 PM. Intake closes at 8:00 PM. You do not need to call ahead. Men are able to stay with us for thirty days at a time.",English,Free,Yes,https://www.facebook.com/phillyhomeless,https://www.twitter.com/@phillyhomeless,"This program covers residents of the following counties: Philadelphia County, PA.",39.9581738,-75.1604011,19133,No,No,No,No,No,No,No,No,No,No,No,No,No,No,No,No,Yes,No,No,No,No,No,No,No,No,No,No,No,No,No,No,No,No,No,No,No,No,No,No,No,No,No,No,Yes,No,No,No,No,No,No,No,No,No,No,No,No,No,No,No,No,No,No,No,No,No,No,No,No,No,No,No,No,No,No,No,No,Yes,No,No,No,No,No,No,No,Yes,No,No,No,No,No,No,No,No,No,No,No,Yes,Yes,No,No,No,No,Yes,No,No,No,No,No,No,No,No,No,No,No,No,No,No,No,No,No,No,No,No,No,No,No,No,No,No,No,No,No,Yes,No,Yes,No,Yes,No,8:00 AM - 5:00 PM  EDT,8:00 AM - 5:00 PM  EDT,8:00 AM - 5:00 PM  EDT,8:00 AM - 5:00 PM  EDT,8:00 AM - 5:00 PM  EDT,Closed,Closed
Lutheran Settlement House_Jane Addams Place,https://www.auntbertha.com//lutheran-settlement-house--philadelphia-pa--jane-addams-place/5730442313465856?postal=19143,9/28/23,Done,Done,"['all ages', 'female', 'families', 'with children', 'homeless', 'mothers']",215-387-2587,https://www.lutheransettlement.org/lsh-programs/community-education-training/,"1007 West Lehigh Avenue, Philadelphia, PA 19104","https://www.google.com/maps/?q=1007+West+Lehigh+Avenue,+Philadelphia,+PA+19104/",Centralized Homeless Intake assessment of eligibility required.,full,"Jane Addams Place clients are admitted through Centralized Homeless Intake Services operated by the Office of Supportive Housing at the Appletree Family Center at 1430 Cherry Street, 215-686-7150. You must go through central intake for an initial assessment of your housing needs before placement. If you are currently experiencing homelessness, please visit the intake center.",English,Free,Yes,https://www.facebook.com/pages/Lutheran-Settlement-House/152800584747421,https://www.twitter.com/@LSH1902,"This program covers residents of the following counties: Philadelphia County, PA.",39.9935476,-75.1482898,19133,No,No,No,No,No,No,No,No,No,No,No,No,No,No,No,No,Yes,No,No,No,No,No,No,No,No,No,No,No,No,No,No,No,No,Yes,No,No,No,No,No,No,No,No,No,Yes,No,No,No,No,No,No,No,No,No,No,No,No,No,No,No,No,No,No,No,No,No,No,No,No,No,Yes,No,No,No,No,No,No,No,No,No,No,No,No,No,No,No,No,No,No,No,No,No,No,No,No,No,No,No,No,No,No,No,No,Yes,No,No,No,No,No,No,Yes,No,No,No,No,No,No,No,No,No,Yes,Yes,No,No,No,No,No,No,Yes,No,No,Yes,No,No,No,Yes,Yes,No,No,8:00 AM - 5:00 PM  EDT,8:00 AM - 5:00 PM  EDT,8:00 AM - 5:00 PM  EDT,8:00 AM - 5:00 PM  EDT,8:00 AM - 5:00 PM  EDT,Closed,Closed
Salvation Army Eastern Pennsylvania and Delaware_Emergency Disaster Services,https://www.auntbertha.com//salvation-army-eastern-pennsylvania-%2526-delaware--philadelphia-pa--emergency-disaster-services/5161629360586752?postal=19143,5/23/10,Done,Done,"['all ages', 'natural disaster survivors', 'emergency']",215-825-4631,https://easternusa.salvationarmy.org/,"701 North Broad Street, Philadelphia, PA 19123","https://www.google.com/maps/?q=701+North+Broad+Street,+Philadelphia,+PA+19123/",Follow the Next Steps to find out if this program has eligibility criteria.,available,"When disaster strikes, The Salvation Army is often among the first on the scene. In disaster relief operation, The Salvation Army's first aim is to meet the basic needs of those affected  - both survivors and first responders.This program provides:- Food- Disaster shelter- Financial assistance- Spiritual care- Emotional carePlease call this provider for more information.",English,Free,Yes,https://www.facebook.com/SalArmyEDS,https://www.twitter.com/@SalArmyEDS,"This program covers residents of the following counties: Adams County, PA, Berks County, PA, Bradford County, PA, Bucks County, PA, Carbon County, PA, Centre County, PA, Chester County, PA, Clinton County, PA, Columbia County, PA, Cumberland County, PA, Dauphin County, PA, Delaware County, PA, Franklin County, PA, Juniata County, PA, Lackawanna County, PA, Lancaster County, PA, Lebanon County, PA, Lehigh County, PA, Luzerne County, PA, Lycoming County, PA, Mifflin County, PA, Monroe County, PA, Montgomery County, PA, Montour County, PA, Northampton County, PA, Northumberland County, PA, Perry County, PA, Philadelphia County, PA, Pike County, PA, Potter County, PA, Schuylkill County, PA, Snyder County, PA, Sullivan County, PA, Susquehanna County, PA, Tioga County, PA, Union County, PA, Wayne County, PA, Wyoming County, PA and York County, PA.",39.9672863,-75.1599648,19123,No,No,No,No,No,No,No,No,No,No,No,No,Yes,No,No,No,Yes,No,No,No,Yes,No,No,Yes,No,No,No,No,Yes,No,No,No,No,No,No,No,No,No,No,No,No,No,No,Yes,No,No,No,No,No,No,No,No,No,No,No,No,No,No,No,No,No,No,No,No,No,No,No,No,No,No,No,No,No,No,No,No,No,No,No,No,No,No,No,No,Yes,No,No,No,No,No,No,No,No,No,No,No,No,No,No,No,No,No,No,No,Yes,No,No,No,No,No,No,No,No,No,No,No,No,No,No,No,Yes,No,No,No,No,No,No,No,No,No,No,No,No,No,Yes,No,Yes,No,8:00 AM - 5:00 PM  EDT,8:00 AM - 5:00 PM  EDT,8:00 AM - 5:00 PM  EDT,8:00 AM - 5:00 PM  EDT,8:00 AM - 5:00 PM  EDT,Closed,Closed
The Salvation Army-Greater Philadelphia_Red Shield Family Residence,https://www.auntbertha.com//the-salvation-army---greater-philadelphia--philadelphia-pa--red-shield-family-residence/6004150434004992?postal=19143,9/28/23,Done,Done,"['adults 18+', 'individuals', 'families', 'with children', 'homeless']",215-787-2887,https://easternusa.salvationarmy.org/eastern-pennsylvania/philadelphia-temple/alleviate-hunger/,"715 North Broad Street, Philadelphia, PA 19123","https://www.google.com/maps/?q=715+North+Broad+Street,+Philadelphia,+PA+19123/",Serves families seeking emergency housing.,available,"Centralized Homeless Intake Services includes an assessment of eligibility and service needs of persons and families presenting for placement into emergency housing. If eligible, persons and families are placed in appropriate emergency housing, boarding homes, or other alternative housing. Mental health assessments and referrals to drug/alcohol treatment, health services, children and youth services, legal services and veteran's services, etc., are provided as needed.This program provides:- Temporary shelter- Ongoing case management services- Assistance with obtaining transitional and/or permanent housing- Supportive housing for special populations- An optional savings program which allows households to save a part of their income for future housing expensesIf you are currently experiencing homelessness, please call during business hours. You must go through central intake for an initial assessment of your housing needs before placement into the homeless housing system.",English,Free,Yes,https://www.facebook.com/SalArmyPhilly,https://www.twitter.com/@SalArmyPhilly,"This program covers residents of the following counties: Philadelphia County, PA.",39.9676669,-75.1598736,19123,No,No,No,No,No,No,No,No,No,No,No,No,No,No,No,No,Yes,No,No,No,No,No,No,No,No,No,No,No,No,No,No,No,No,Yes,No,No,No,No,No,No,No,No,No,Yes,No,No,No,No,No,No,No,No,Yes,No,No,No,No,No,No,No,No,No,No,No,No,No,No,No,No,No,No,No,No,No,No,No,No,No,No,No,No,No,No,No,No,No,No,No,No,No,No,No,No,No,No,No,Yes,Yes,No,No,No,No,Yes,No,No,No,No,No,No,No,No,No,No,No,No,No,No,No,No,Yes,No,No,No,No,No,No,No,Yes,No,No,No,No,No,No,Yes,No,Yes,No,8:00 AM - 5:00 PM  EDT,8:00 AM - 5:00 PM  EDT,8:00 AM - 5:00 PM  EDT,8:00 AM - 5:00 PM  EDT,8:00 AM - 5:00 PM  EDT,Closed,Closed
Resources for Human Development-Pennsylvania_Kailo Haven,https://www.auntbertha.com//resources-for-human-development-%2528rhd%2529---pennsylvania--philadelphia-pa--kailo-haven/5552002522939392?postal=19143,9/28/23,Done,Done,"['adults 18+', 'homeless', 'all mental health', 'substance dependency', 'dual diagnosis']",215-225-8645,https://www.rhd.org/program/kailo-haven/,"2107 West Tioga Street, Philadelphia, PA 19140","https://www.google.com/maps/?q=2107+West+Tioga+Street,+Philadelphia,+PA+19140/",This program serves homeless people.,available,"Resources for Human Development's Kailo Haven is a safe haven homeless shelter for individuals experiencing chronic homelessness and identified as suffering from some form of co-occuring disorders, including mental health and addiction challenges.This program provides:- Safe environment to live and sleep- Meals and snacks- Bathroom and laundry facilities- 12-step recovering meetings- Emotional Management Courses- Individualized meetings and support to obtain financial and medical benefits- Referral ServicesPlease call The Homeless Outreach Hotline at 215-225-8645.",English,Free,Yes,https://www.facebook.com/kailohaven/,https://twitter.com/resources4hd,"This program covers residents of the following cities: Philadelphia, PA.",40.0079322,-75.1637779,19140,No,No,No,No,No,No,No,No,No,No,No,No,No,No,No,No,Yes,No,No,Yes,No,No,No,No,No,No,No,No,No,No,No,No,No,No,No,No,No,No,No,No,No,No,No,Yes,No,No,No,No,No,No,No,No,No,No,No,No,No,No,No,No,No,No,No,Yes,No,No,No,No,No,No,No,No,No,No,No,No,No,No,No,No,No,No,No,No,No,No,No,No,No,No,No,No,No,No,No,No,Yes,No,No,Yes,No,No,Yes,No,No,No,No,No,No,No,No,No,No,No,No,No,No,No,No,No,No,Yes,No,Yes,No,No,No,No,No,No,No,No,No,No,Yes,No,Yes,No,8:00 AM - 5:00 PM  EDT,8:00 AM - 5:00 PM  EDT,8:00 AM - 5:00 PM  EDT,8:00 AM - 5:00 PM  EDT,8:00 AM - 5:00 PM  EDT,Closed,Closed
Resources for Human Development-Pennsylvania_RHD Fernwood Program,https://www.auntbertha.com//resources-for-human-development-%2528rhd%2529---pennsylvania--philadelphia-pa--rhd-fernwood-program/4670495380209664?postal=19143,4/23/10,Done,Done,"['all ages', 'male', 'individuals', 'homeless']",215-685-8333,https://www.rhd.org/program/kailo-haven/,"7979 State Rd., Philadelphia, PA 19136","https://www.google.com/maps/?q=7979+State+Rd,+Philadelphia,+PA+19136/",This program serves single males.,available,RHD Fernwood provides emergency housing for single men in Philadelphia referred by Philadelphia's Office of Homeless Services. Assessments focus on the immediate needs of the individual. Linkages with community services enable individuals to address primary social service and housing needs.This program provides:- Emergency housing,English,Free,Yes,https://www.facebook.com/ResourcesHD/timeline/,https://www.twitter.com/@Resources4HD,"This program covers residents of the following counties: Philadelphia County, PA.",40.0311411,-75.0217744,19130,No,No,No,No,No,No,No,No,No,No,No,No,No,No,No,No,Yes,No,No,No,No,No,No,No,No,No,No,No,No,No,No,No,No,No,No,No,No,No,No,No,No,No,No,Yes,No,No,No,No,No,No,No,No,No,No,No,No,No,No,No,No,No,No,No,No,No,No,No,Yes,No,No,No,No,No,No,No,No,No,No,No,No,No,No,No,No,No,No,No,No,No,No,No,No,No,No,No,No,No,Yes,No,No,No,No,Yes,No,No,No,No,No,No,No,No,No,No,No,No,No,No,No,No,No,Yes,No,No,No,No,No,No,No,No,No,No,No,Yes,No,Yes,No,Yes,No,8:00 AM - 5:00 PM  EDT,8:00 AM - 5:00 PM  EDT,8:00 AM - 5:00 PM  EDT,8:00 AM - 5:00 PM  EDT,8:00 AM - 5:00 PM  EDT,Closed,Closed
Stenton Family Manor_Homeless Shelter,https://www.auntbertha.com//stenton-family-manor--philadelphia-pa--homeless-shelter/5186727883833344?postal=19144,5/23/10,Done,Done,"['all ages', 'homeless']",215-685-2800,None,"1300 East Tulpehocken Street, Philadelphia, PA 19138","https://www.google.com/maps/?q=1300+East+Tulpehocken+Street,+Philadelphia,+PA+19138/","For homeless individuals residing in the Philadelphia, PA area.",available,Stenton Family Manor offers a homeless shelter to those in need of a place to stay.This program provides:- Temporary shelter Intake process is done at the Apple Tree Family Center.,"English, Haitian",Free,Yes,https://www.facebook.com/StentonFamilyManor,None,"This program covers residents of the following counties: Philadelphia County, PA.",39.9724306,-75.1736662,19119,No,No,No,No,No,No,No,No,No,No,No,No,No,No,No,No,Yes,No,No,No,No,No,No,No,No,No,No,No,No,No,No,No,No,No,No,No,No,Yes,No,No,No,No,No,Yes,No,No,No,No,No,No,No,No,No,No,No,No,No,No,No,No,No,No,No,No,No,No,No,No,No,No,No,No,No,No,Yes,No,No,No,No,No,No,No,No,No,No,No,No,No,No,No,No,No,No,No,No,No,No,No,No,No,No,No,Yes,No,No,No,No,No,No,No,No,No,No,No,No,No,No,No,No,No,Yes,No,No,No,No,No,No,No,No,No,No,No,No,No,Yes,No,Yes,No,9:00 AM - 5:00 PM  EDT,9:00 AM - 5:00 PM  EDT,9:00 AM - 5:00 PM  EDT,9:00 AM - 5:00 PM  EDT,9:00 AM - 5:00 PM  EDT,Closed,Closed